First Name,Last Name,Title,Company Name,Company Name for Emails,Email,Seniority,Departments,Sub Departments,Contact Owner,Work Direct Phone,Home Phone,Mobile Phone,Corporate Phone,Other Phone,,No answers/callback,Invalid contacts/ not Interested,Conversations/emails received,Transcipts (If available) ,Industry,Keywords,Person Linkedin Url,Website,Company Linkedin Url,Facebook Url,Twitter Url,Address,City,State,Country,Company Address,,,,Company Phone
Juliana,Arango,Project Manager,Truspace Design & Construction Firm,Truspace Design & Construction Firm,juliana.arango@truspace.ca,Manager,Engineering & Technical,Project Management,,,,,+1 855-801-1156,+1 647-904-5793,,,,,,architecture & planning,"office interior design, office build, workplace consultancy, sustainable workplace design, office refurbishment, office relocation, space planning, project management, furniture procurement, construction, design build, office renovation, design innovation, commercial interiors, site supervision, agile project delivery, commercial construction, custom office layouts, renovation, consulting, timely delivery, b2b, architectural design, design-build, oil and gas, commercial and institutional building construction, commercial real estate, streamlined communication, office design, market adaptability, risk management, professional services, end-to-end process, innovative model, employee well-being, client collaboration, construction & real estate, cost certainty, single source solution, client-focused approach, renderings and vr, budget management, fast-paced environment, project coordination, services, design and build, safety protocols, community contribution, workplace strategy, local market expertise, holistic workspace solutions, design flexibility, full-service provider, space visualization, interior design, client partnership, future-ready spaces, turnkey solutions, technology, multi-location projects, productivity, oil & energy, professional training & coaching",http://www.linkedin.com/in/juliana-arango-,https://truspace.ca,http://www.linkedin.com/company/truspace-design-build,https://www.facebook.com/truspaceofficedesign/,https://twitter.com/Truspacedesign,"Toronto, Ontario, Canada",Toronto,Ontario,Canada,"9311 47 St NW, Edmonton, Alberta, Canada, T6B 2R7",,,,+1 855-801-1156
Ujjwan,Manandhar,Construction Project Coordinator,Cambria Design Build,Cambria Design Build,umanandhar@cambriadesign.ca,Entry,Operations,Construction,,,,,+1 905-830-6026,+1 289-716-8798,umanandhar@cambriadesigns.ca,,,,"Call with (905) 830-6026 · SEA OF BLUE Inc called · 02:01
Sep 28, 2026 1:33PM

00:01 - (905) 830-6026: Thank you for calling Cambria Design Build.
00:04 - (905) 830-6026: If you know your party's extension, please dial it now.
00:07 - (905) 830-6026: To dial by first or last name, press the pound key.
00:10 - (905) 830-6026: For our office address, hours, and fax numbers, please press 7.
00:14 - (905) 830-6026: To reach reception, please press 0.
00:17 - (905) 830-6026: Thank you, and have a great day.
00:28 - (905) 830-6026: Good afternoon.
00:29 - (905) 830-6026: Cambria.
00:30 - SEA OF BLUE: Hi.
00:31 - SEA OF BLUE: Sorry.
00:31 - SEA OF BLUE: I don't mean to take up too much of your time.
00:33 - SEA OF BLUE: This is Ryan with the CFPU company.
00:35 - SEA OF BLUE: I was looking I was looking to see if you could point me into the right direction.
00:37 - SEA OF BLUE: I'm looking to speak to whoever handles your cleaning facility your cleaning or facility maintenance contracts.
00:46 - (905) 830-6026: Well, there's really not one particular person, but we do have a cleaning company that cleans the inside of our building.
00:51 - SEA OF BLUE: Of course.
00:58 - SEA OF BLUE: Yeah.
00:59 - (905) 830-6026: We have that already set up.
01:01 - SEA OF BLUE: You you guys already have that set up?
01:03 - (905) 830-6026: Yeah.
01:04 - SEA OF BLUE: Okay.
01:04 - SEA OF BLUE: Do you mind if I could speak with do you have, like, any contact information for the person that runs that or would make the decisions on that part?
01:13 - (905) 830-6026: Well, they're not available at the moment.
01:15 - (905) 830-6026: They're they're in a meeting.
01:16 - SEA OF BLUE: Okay.
01:17 - SEA OF BLUE: No worries.
01:17 - (905) 830-6026: Can I k?
01:17 - SEA OF BLUE: I yeah.
01:18 - SEA OF BLUE: If you if you don't mind, just give me their email and phone number.
01:21 - SEA OF BLUE: I'll give them a call later.
01:22 - SEA OF BLUE: I don't have any time to give them a call myself right now, so I would do it later anyways.
01:28 - (905) 830-6026: Oh, okay.
01:30 - (905) 830-6026: Well, you can send the information to my email.
01:33 - SEA OF BLUE: For your for your email?
01:35 - (905) 830-6026: Yep.
01:35 - SEA OF BLUE: Okay.
01:36 - SEA OF BLUE: Go ahead with the email.
01:37 - (905) 830-6026: Mnortheast@cambriadesign.ca.
01:38 - SEA OF BLUE: M northeast.
01:46 - SEA OF BLUE: Okay.
01:47 - SEA OF BLUE: Perfect.
01:47 - SEA OF BLUE: Alright.
01:47 - SEA OF BLUE: We'll get some assistance over to you then.
01:49 - SEA OF BLUE: Alright?
01:49 - (905) 830-6026: Okay.
01:50 - (905) 830-6026: Thank you.
01:50 - SEA OF BLUE: Perfect.
01:51 - SEA OF BLUE: Thank you.
01:51 - (905) 830-6026: Bye.
01:51 - SEA OF BLUE: Have a go.
01:52 - (905) 830-6026: Bye.",construction,"new build construction, renovations, corporate rollouts, escorted work environments, retail design build, government, high traffic environment construction, project management, institutional projects, food service facilities, transportation hub construction, services, architectural design, client-focused approach, general contracting, high traffic area projects, airport retail spaces, commercial construction, transportation & logistics, night work project management, high-quality workmanship, remodeling, b2b, customer service, landscaping, quick service restaurants, problem solving skills, design build services, facility management, pearson airport projects, construction & real estate, commercial and institutional building construction, airport environment construction, customer service excellence, construction management, retail, consumer products & retail, productivity",http://www.linkedin.com/in/ujjwan-krishna-manandhar-ab3152147,https://cambriadesign.ca,http://www.linkedin.com/company/cambria-design-build,,,"Toronto, Ontario, Canada",Toronto,Ontario,Canada,"1260 Journey's End Circle, Newmarket, Ontario, Canada, L3Y 8Z7",,,,+1 905-830-6026
Oriser,Esprit,Site Superintendent,Caliber Structures Limited,Caliber Structures,oriser@caliberstructures.com,Manager,Operations,Construction,,,,+1 416-901-1005,+1 416-366-9400,,,,,,,construction,"new build construction, infill construction projects, addition, renovation conversion projects, fit out customization, procurement planning, project take over completion, distressed project completion, consulting, construction risk management, project scheduling, budget control, risk management, construction consulting, building dampening technologies, heritage building preservation, commercial construction, construction quality assurance, heritage building structural engineering, heritage restoration services, architectural design, heritage building preservation techniques, heritage facade restoration, construction scheduling, construction project delivery, construction budgeting, project management, heritage building interior renovation, services, heritage building facade preservation, heritage facades restoration, project closeout, project closeout services, heritage facade integration, construction planning, construction, heritage building restoration, construction services, heritage facade preservation, residential construction, construction management, heritage conservation, schedule control, heritage building renovation, construction project management, b2b, risk mitigation, commercial and institutional building construction, heritage building adaptive reuse, heritage building conservation, heritage restoration, vertical post-tensioning, heritage, heritage facade, heritage preservation, heritage building, heritage architecture, heritage engineering, heritage facade preservation services, heritage building restoration services, heritage conservation services, heritage preservation services, heritage facade repair, heritage building repair, heritage conservation techniques, heritage restoration techniques, heritage preservation techniques, productivity",http://www.linkedin.com/in/oriser-esprit-a2578330,https://caliberstructures.com,http://www.linkedin.com/company/caliber-structures-limited,,https://twitter.com/KenCaliber,"Toronto, Ontario, Canada",Toronto,Ontario,Canada,"209 Wicksteed Ave, Toronto, Ontario, Canada, M4G 0B1",,,,+1 416-366-9400
Julien,Pellicano,Site Superintendent,Melrose Investments Inc.,Melrose Investments,jpellicano@melroseinvestments.com,Manager,Operations,Construction,,,,,+1 905-849-1360,,,,,,"Call with Julien Pellicano · SEA OF BLUE Inc called · 04:27
Sep 30, 2026 12:06PM

00:00 - Julien: Speaking.
00:00 - SEA OF BLUE: Hi.
00:01 - SEA OF BLUE: How are you today?
00:02 - Julien: I'm well.
00:02 - Julien: How are you?
00:03 - SEA OF BLUE: Good.
00:03 - SEA OF BLUE: Good.
00:04 - SEA OF BLUE: I was looking to get in contact with Julian Pelecano.
00:09 - Julien: Actually, I don't know if he's in the office today or not.
00:12 - Julien: Can I check?
00:12 - Julien: Sorry.
00:13 - Julien: What was your name?
00:14 - SEA OF BLUE: Ryan from cBlue.
00:16 - Julien: One moment.
00:17 - SEA OF BLUE: No worries.
00:42 - SEA OF BLUE: I'm banging music.
00:44 - SEA OF BLUE: I'm banging.
01:01 - Julien: Hello?
01:02 - SEA OF BLUE: Hi.
01:02 - SEA OF BLUE: How are you, sir?
01:04 - SEA OF BLUE: Good.
01:05 - SEA OF BLUE: Good.
01:05 - SEA OF BLUE: This is Ryan from the CU Blue Post Construction Cleaning.
01:09 - SEA OF BLUE: I was giving you a call today because I was walking by one of the job sites a couple of months back, and someone gave me your phone number in regards to you being the site superintendent.
01:18 - Julien: I'm the project manager by yep.
01:20 - SEA OF BLUE: Oh, the project manager.
01:21 - SEA OF BLUE: Sorry about that.
01:22 - SEA OF BLUE: I guess they just kinda mixed up.
01:23 - SEA OF BLUE: But, are you the one that handles the post construction cleanup vendors for your projects?
01:28 - Julien: Yep.
01:29 - SEA OF BLUE: Perfect.
01:30 - SEA OF BLUE: The reason I'm calling is I know that a lot of other, project managers and construction superintendents that we work with have issues with a lot of cleaning companies that they work with, especially for the post construction sites, especially with, like, a lot of issues with timing, crew size, stuff like that.
01:46 - SEA OF BLUE: Is that something you've run into before?
01:50 - Julien: Our guys are pretty good.
01:53 - SEA OF BLUE: Oh, you said you said pretty good, so there's something that doesn't fit you right there.
01:53 - Julien: So not too much.
01:58 - Julien: Yeah.
02:00 - Julien: So if you were to give me your contact, If you could just give me what's your name, phone number?
02:01 - SEA OF BLUE: Yeah.
02:05 - SEA OF BLUE: Yes, sir.
02:05 - SEA OF BLUE: What would you like from me?
02:15 - SEA OF BLUE: Yeah.
02:15 - SEA OF BLUE: Go for it.
02:16 - SEA OF BLUE: My name is Ryan, r y a n, and the phone number for to contact me is at (437) 494-1091.
02:25 - SEA OF BLUE: Just so you know that we work with a lot of reputable brands, Crown Retail, HKC Construction, PartsSource, Canadian Tire, Anytime Fitness.
02:32 - SEA OF BLUE: We've worked with all these guys before, have an outstanding reputation with all these guys.
02:36 - SEA OF BLUE: So if you guys have anything do you guys have anything that's closing in the next month or two with your projects or already all tenured out.
02:43 - Julien: Yeah.
02:44 - Julien: But it's already all tendered out in terms of cleaning and whatnot.
02:46 - SEA OF BLUE: Do you guys have a bid do you guys have a bidding list for these, or how do you guys handle these?
02:52 - Julien: We do.
02:52 - Julien: We have our master trades list, and we usually try to vet somebody, vet whatever company it is.
02:53 - SEA OF BLUE: Is that yeah.
03:01 - Julien: And then, yeah, they get added to that master trades list.
03:05 - SEA OF BLUE: Is there a cleaning, guys?
03:06 - SEA OF BLUE: Is there post construction cleaning on that list master list as well, or is it just yeah.
03:09 - Julien: Yeah.
03:10 - Julien: Yeah.
03:10 - Julien: Yeah.
03:10 - Julien: Yeah.
03:11 - SEA OF BLUE: Is there any way for us to get on there?
03:16 - Julien: Well, we could try.
03:19 - Julien: If what's the name of your company again?
03:21 - SEA OF BLUE: Sea of blue cleaning.
03:23 - Julien: Bee of Blue.
03:25 - SEA OF BLUE: Yeah.
03:27 - Julien: Okay.
03:28 - Julien: Well, I I'll keep your contact here, and we have a a building coming up.
03:37 - Julien: Interiors twitted of 12 units.
03:39 - Julien: So I'll I'll write down your contact.
03:41 - SEA OF BLUE: Perfect.
03:42 - Julien: I'll put it in our system.
03:44 - Julien: And, yeah, if we're looking for a guy, I'll keep you in mind.
03:48 - SEA OF BLUE: Perfect.
03:48 - SEA OF BLUE: And you said that project was closing in around a month or so, you said?
03:53 - Julien: Yeah.
03:53 - Julien: We have one just one unit, but that's already tendered out.
03:56 - Julien: And then we have a building that's currently under construction, the shell of it.
03:59 - Julien: So, yeah, we'll keep you in mind, and that's that's it.
04:04 - Julien: Thank you.
04:04 - SEA OF BLUE: Alright.
04:05 - SEA OF BLUE: Perfect, sir.
04:05 - SEA OF BLUE: Thank you very much for your time today.
04:07 - Julien: Take care, sir.
04:08 - SEA OF BLUE: Take care.",construction,"property marketing, real estate services, retail leasing, real estate, consulting, building design, industrial leasing, community-focused development, municipal approvals, land use planning, custom-built properties, custom accommodation, real estate investment, lessors of nonresidential buildings (except miniwarehouses), property development, leasing services, building permits, legacy real estate company, services, land development, state-of-the-art buildings, property sales, construction project management, urban planning, industrial space, retail, high-rise development, design-build projects, urban development, construction management, property management, property planning, property design, b2b, meticulous property maintenance, property leasing, zoning approvals, innovative property solutions, tenant relations, real estate development, office leasing, property portfolio, property maintenance, high-rise construction, groundwork for new homes, property construction, land acquisition, retail space, infrastructure development, groundwork for new businesses, real estate consulting, mixed-use development, office space, community development, market research, family business, integrated real estate services, property portfolio management, construction & real estate, enterprise software, enterprises, computer software, information technology & services",http://www.linkedin.com/in/julien-pellicano-04149a179,https://melroseinvestments.com,http://www.linkedin.com/company/melrose-investments-inc.,,https://twitter.com/melroseinvest,"Greater Toronto Area, Canada",Mississauga,Ontario,Canada,"145 Reynolds St, Plymouth, Pennsylvania, United States, 18651-1635",,,,+1 905-849-1360
Tom,Stevens,Site Superintendent,Vaughan Build Ltd.,Vaughan Build,tom@vaughanbuild.ca,Manager,Operations,Construction,,,,,+1 416-654-3534,,rafael@vaughanbuild.ca ,,,,"Call with (416) 654-3534 · SEA OF BLUE Inc called · 01:31
Sep 30, 2026 12:16PM

00:00 - (416) 654-3534: Juan Bill.
00:00 - (416) 654-3534: Can I help you?
00:01 - SEA OF BLUE: Hi.
00:01 - SEA OF BLUE: Am I speaking to mister Stevens?
00:05 - (416) 654-3534: No.
00:05 - (416) 654-3534: You're not.
00:06 - (416) 654-3534: Can I help you?
00:08 - SEA OF BLUE: My name is Ryan.
00:09 - SEA OF BLUE: I was from a post construction cleaning company.
00:12 - SEA OF BLUE: I was looking to speak to the person who handles your post construction vendors.
00:16 - SEA OF BLUE: I'm pretty sure that was mister Stevens.
00:18 - (416) 654-3534: Well, he he's involved with only one specific project.
00:21 - SEA OF BLUE: Okay.
00:22 - SEA OF BLUE: So who who am I speaking with right now?
00:24 - SEA OF BLUE: Sorry.
00:25 - (416) 654-3534: Wayne, what company are you with?
00:27 - SEA OF BLUE: Sea of Blue.
00:28 - SEA OF BLUE: We're a post construction cleaning company out of the GTA.
00:31 - SEA OF BLUE: We operate for a lot of other vendors.
00:33 - SEA OF BLUE: Do you handle any post construction cleanup ventings?
00:37 - (416) 654-3534: We don't have anything on the go right now.
00:39 - (416) 654-3534: Usually, the SiteSuper handles all of that.
00:42 - SEA OF BLUE: Okay.
00:42 - SEA OF BLUE: Could you just point me in the right direction of how to get in contact with the site super?
00:47 - (416) 654-3534: Your best bet is to send an email to rafael, r a f a e l, @vaughnbuild.ca.
00:52 - SEA OF BLUE: Yep.
00:56 - SEA OF BLUE: On fields dot c a.
00:58 - SEA OF BLUE: Alright.
00:59 - SEA OF BLUE: Perfect, sir.
00:59 - (416) 654-3534: K.
00:59 - SEA OF BLUE: And what was his name is Rafael, I'm assuming.
01:00 - (416) 654-3534: Nope.
01:02 - (416) 654-3534: I'm Wayne.
01:03 - (416) 654-3534: He takes care of all our, bidding processes.
01:03 - SEA OF BLUE: No.
01:04 - SEA OF BLUE: No.
01:04 - SEA OF BLUE: They okay.
01:07 - SEA OF BLUE: Alright.
01:07 - SEA OF BLUE: Do you guys have, like, a master bidding program or something?
01:07 - (416) 654-3534: Okay.
01:11 - (416) 654-3534: No.
01:11 - (416) 654-3534: We don't.
01:11 - SEA OF BLUE: No?
01:12 - SEA OF BLUE: Okay.
01:12 - SEA OF BLUE: Alright.
01:12 - SEA OF BLUE: Thank you very much for your time, sir.
01:14 - (416) 654-3534: Okay.
01:14 - (416) 654-3534: Bye.",construction,"residential builder, commercial builder, construction management, reliable construction services, commercial construction, heritage building conservation, exterior upgrades, heritage home renovation, heritage property renovation specialists, energy-efficient construction, heritage home restoration, commercial property development, toronto construction, architectural design, modern construction methods, architectural design collaboration, commercial building services, custom home builder, skilled trades, custom home design, heritage preservation, b2b, commercial development, heritage home preservation, sustainable building practices, commercial interior fit-outs, heritage building preservation, commercial project management, energy-efficient building, timeless architecture, skilled tradespeople, customer service, construction, full-service builder, custom heritage home building, heritage preservation techniques, luxury custom estate homes, prestigious neighborhood construction, residential construction, heritage building preservation techniques, full-service construction, design build, project management, luxury homes, building materials, luxury estate development, custom home construction, construction project management, energy-efficient home design, heritage property restoration, custom heritage restorations, services, high-quality craftsmanship, luxury estate homes, timely project delivery, sustainable construction methods, heritage restoration, custom residential projects, heritage property renovation, project planning, timeless design, residential building construction, custom home design process, real estate, luxury home builder, toronto builder, custom additions, high-quality materials, client collaboration, luxury estate homes in toronto, building excellence since 1905, heritage restoration craftsmanship, residential renovation, luxury residential projects, property development, interior renovations, b2c, construction & real estate, productivity",http://www.linkedin.com/in/tom-stevens-ab5962240,https://vaughanbuild.ca,http://www.linkedin.com/company/vaughan-build-ltd,https://www.facebook.com/100085623501251/mentions/,,"Toronto, Ontario, Canada",Toronto,Ontario,Canada,"Ontario St, Toronto, Ontario, Canada, M5A",,,,+1 416-654-3534
Stephen,Dienaar,Project Manager,Truspace Design & Construction Firm,Truspace Design & Construction Firm,stephen.dienaar@truspace.ca,Manager,Engineering & Technical,Project Management,,,,,+1 855-801-1156,+1 905-872-5698,,,,,,architecture & planning,"office interior design, office build, workplace consultancy, sustainable workplace design, office refurbishment, office relocation, space planning, project management, furniture procurement, construction, design build, office renovation, design innovation, commercial interiors, site supervision, agile project delivery, commercial construction, custom office layouts, renovation, consulting, timely delivery, b2b, architectural design, design-build, oil and gas, commercial and institutional building construction, commercial real estate, streamlined communication, office design, market adaptability, risk management, professional services, end-to-end process, innovative model, employee well-being, client collaboration, construction & real estate, cost certainty, single source solution, client-focused approach, renderings and vr, budget management, fast-paced environment, project coordination, services, design and build, safety protocols, community contribution, workplace strategy, local market expertise, holistic workspace solutions, design flexibility, full-service provider, space visualization, interior design, client partnership, future-ready spaces, turnkey solutions, technology, multi-location projects, productivity, oil & energy, professional training & coaching",http://www.linkedin.com/in/stephen-dienaar,https://truspace.ca,http://www.linkedin.com/company/truspace-design-build,https://www.facebook.com/truspaceofficedesign/,https://twitter.com/Truspacedesign,"Greater Toronto Area, Canada",Mississauga,Ontario,Canada,"9311 47 St NW, Edmonton, Alberta, Canada, T6B 2R7",,,,+1 855-801-1156
Ryan,Scott,Site Superintendent,B.M.I. Construction Co. Limited,B.M.I. Construction,rscott@bmicon.com,Manager,Operations,Construction,,,,+1 416-576-3577,+1 905-686-4287,,,,,,,construction,"general contracting, construction management, designbuild, new builds renovations, leed accredited staff, construction expertise, industrial construction, sustainable building practices, responsible building practices, real estate, project delivery, customized contract structures, commercial projects, building renovation, ontario construction, commercial buildings, property development, renovation services, project efficiency strategies, schedule management, safety commitment, construction safety training, retrofit and modernization, safety standards, construction safety, commercial and institutional building construction, construction consulting, construction services, project close-out, responsible practices, services, renovations, industrial projects, client collaboration, active project management, industrial project oversight, value engineering, leed, industrial facilities, b2b, cost control, design-build, retail project management, retail projects, ontario construction leader, construction process optimization, retail outlets, site development, project planning, project management, building maintenance, retail construction, construction quality assurance, contract options, teamwork, construction, construction safety programs, client satisfaction, building maintenance services, leed certification, project coordination, green building initiatives, sustainable practices, value engineering techniques, building retrofit and modernization, construction innovation, sustainable building, construction solutions, site works, construction project solutions, client-focused approach, ontario builder, site works and landscaping, commercial construction, building expertise, contract flexibility, general contractor, building modernization, client-centric construction, leed certification support, site preparation, environmentally friendly practices, sustainable construction, retail, consumer products & retail, construction & real estate, design build, productivity",http://www.linkedin.com/in/ryan-scott-98547450,https://bmicon.com,http://www.linkedin.com/company/b-m-i-construction-co-limited,https://facebook.com/BMIConstruction,https://twitter.com/bmiconstruction,"Greater Toronto Area, Canada",Mississauga,Ontario,Canada,"1058 Copperstone Dr, Pickering, Ontario, Canada, L1W 3V8",,,,+1 905-686-4287
Jesse,Trinier,Site Superintendent,Everstrong Construction Ltd.,Everstrong Construction,jesse@everstrong.ca,Manager,Operations,Construction,,,,+1 647-893-9420,+1 905-878-7295,,,,,,,construction,"ici construction, project management, commercial construction, b2b, services, productivity",http://www.linkedin.com/in/jesse-trinier-a68145130,https://everstrongconstructionltd.com,http://www.linkedin.com/company/everstrong-construction-ltd.,,,"Greater Toronto Area, Canada",Mississauga,Ontario,Canada,"15 Brownridge Rd, Halton Hills, Ontario, Canada, L7G 0C6",,,,+1 905-878-7295
Mehmet,Boyraz,Site Superintendent,Dynamic Builders Inc.,Dynamic Builders,mehmet.b@dynamicbuilders.ca,Manager,Operations,Construction,,,,,+1 416-477-7766,+1 437-219-3991,,,,,,construction,"construction management, general contracting, commercial midrise construction, residential midrise construction, value engineering, building construction, client satisfaction, client relationships, construction services, project documentation, ontario construction, procore software, quality assurance, contracting, building services, b2b, occupational health and safety, project scheduling, safety accreditation, safety and compliance, project delivery, timely completion, client-focused solutions, industrial building construction, construction, design-build process, construction innovation, public and private sector, value engineering in construction, holistic project workflow, construction safety certification, safety management, tarion registration, project management, construction risk mitigation, ontario building regulations, cost control, project collaboration, project supervision, safety training, design and build, integrated design and build, procore construction management, services, resource allocation, risk management, project execution, cost and schedule acceleration, project planning, ontario new home warranty, client collaboration, client-specific project solutions, cost optimization, high-end construction services, construction consulting, construction software, resource management, distribution, productivity",http://www.linkedin.com/in/mehmet-boyraz-5250a8115,https://dynamicbuilders.ca,http://www.linkedin.com/company/dynamic-builders-inc-cm-and-gc-construction,,,"Woodbridge, Ontario, Canada",Vaughan,Ontario,Canada,"170 Brockport Drive, Toronto, Ontario, Canada, M9W",,,,+1 416-477-7766
Carly,Danics,Project Coordinator,Primary Construction Inc.,Primary Construction,carly@primaryconstruction.ca,Entry,"Engineering & Technical, Operations","Project Management, Project Development",,,,,,,,,,,,construction,"complete building envelope, tenant improvement services, retail buildons, base building, construction project management, design build, general contracting, maintenance service, environmental abatement, b2b, services",http://www.linkedin.com/in/carly-danics-622079355,https://primaryconstruction.ca,http://www.linkedin.com/company/primary-construction-inc,,,"North York, Ontario, Canada",Toronto,Ontario,Canada,"315 Attwell Dr, Toronto, Ontario, Canada, M9W 5C1",,,,
Elie,Baz,Project Manager,Penalta Group Ltd,Penalta Group,elie@penaltagroup.com,Manager,Engineering & Technical,Project Management,,,,,+1 905-465-0970,+1 905-901-1278,,,,,,construction,"office building interior fit outs, retail construction ground up interior fit out, residentialmultitenant, renovationrestoration industrial light industrialmanufacturing, design build, b2b, collaborative approach, design-build process, retail, consulting, government, real estate, client-focused, community involvement, trust and confidence, fixed-price projects, construction expertise, education, retail store fit-outs, education sector, supply chain management, healthcare facilities, retail construction, retail renovations, industrial construction, general contracting, commercial condominiums, safety procedures, subcontractor network, industrial assembly plants, timely completion, fixed-price quotes, zoning, site safety, project delivery, public storage facilities, construction, commercial construction, services, educational buildings, industrial warehouses, innovative construction methods, high-quality workmanship, industry relationships, cost control, state-of-the-art medical facilities, project management, long-term relationships, hospital projects, hospitality sector, sustainable construction, healthcare, client satisfaction, industrial building construction, construction management, consumer products & retail, construction & real estate, logistics & supply chain, productivity, health care, health, wellness & fitness, hospital & health care",http://www.linkedin.com/in/elie-baz-4212b658,https://penaltagroup.com,http://www.linkedin.com/company/penalta-group-ltd,https://www.facebook.com/penaltagroup,,"Oakville, Ontario, Canada",Oakville,Ontario,Canada,"Oakville, California, United States, 94558",,,,+1 905-465-0970
Stephen,Surtees,Site Superintendent,ROSSCLAIR Contractors Inc.,ROSSCLAIR Contractors,stephens@rossclair.ca,Manager,Operations,Construction,,,,,+1 416-285-0190,+1 416-834-2130,,,,,"Call with (416) 834-2130 · SEA OF BLUE Inc called · 01:11
Sep 30, 2026 12:59PM

00:00 - (416) 834-2130: Hello?
00:01 - SEA OF BLUE: Hello, sir.
00:01 - SEA OF BLUE: How are you today?
00:04 - (416) 834-2130: Who's this?
00:05 - SEA OF BLUE: Am I speaking with mister Surf Surtis?
00:08 - (416) 834-2130: Yeah.
00:08 - (416) 834-2130: Who yeah.
00:09 - (416) 834-2130: Who are you with?
00:11 - SEA OF BLUE: My name is Ryan.
00:12 - SEA OF BLUE: I'm from the Sea of Blue Post Construction Cleaning.
00:15 - SEA OF BLUE: I got I got your number from a from a couple of workers from a site I've seen a couple months back.
00:22 - SEA OF BLUE: Basically, are you are you in charge of the post construction cleanup for your vendors and projects?
00:29 - (416) 834-2130: Yeah.
00:29 - (416) 834-2130: No.
00:29 - (416) 834-2130: I'm not, man.
00:30 - (416) 834-2130: You gotta reach out to the GC.
00:32 - SEA OF BLUE: To the GC?
00:34 - (416) 834-2130: Yeah.
00:34 - (416) 834-2130: Reach out to the GC.
00:35 - (416) 834-2130: Yeah.
00:35 - SEA OF BLUE: Yes, sir.
00:36 - SEA OF BLUE: Okay.
00:36 - SEA OF BLUE: Do you have a contact information for them?
00:39 - (416) 834-2130: I don't mind.
00:39 - (416) 834-2130: Sorry.
00:40 - (416) 834-2130: Right now.
00:40 - (416) 834-2130: I'm off right now.
00:41 - SEA OF BLUE: Oh, you're off right now?
00:42 - SEA OF BLUE: Okay, sir.
00:42 - SEA OF BLUE: Enjoy your day off.
00:43 - (416) 834-2130: Yep.
00:43 - SEA OF BLUE: I'll figure it out.
00:43 - (416) 834-2130: Alright.
00:44 - (416) 834-2130: Thanks, man.
00:44 - SEA OF BLUE: Thank you, buddy.
00:45 - (416) 834-2130: Bye.",construction,"leasehold improvements, corporate solutions, health care pharmaceutical, financial services, educational facilities, new build greenfield, construction management, institutional buildings, public sector, private sector, industrial construction, commercial construction, general contractors, toronto construction, b2b, services",http://www.linkedin.com/in/stephen-surtees-096409154,https://rossclair.ca,http://www.linkedin.com/company/rossclair,,https://twitter.com/search,"Scarborough, Ontario, Canada",Toronto,Ontario,Canada,"59 Comstock Rd, Toronto, Ontario, Canada, M1L 2G6",,,,+1 416-285-0190
Timothy,Novak,Project Coordinator,Penalta Group Ltd,Penalta Group,timothy@penaltagroup.com,Entry,"Engineering & Technical, Operations","Project Management, Project Development",,,,,+1 905-465-0970,,,,,,,construction,"office building interior fit outs, retail construction ground up interior fit out, residentialmultitenant, renovationrestoration industrial light industrialmanufacturing, design build, b2b, collaborative approach, design-build process, retail, consulting, government, real estate, client-focused, community involvement, trust and confidence, fixed-price projects, construction expertise, education, retail store fit-outs, education sector, supply chain management, healthcare facilities, retail construction, retail renovations, industrial construction, general contracting, commercial condominiums, safety procedures, subcontractor network, industrial assembly plants, timely completion, fixed-price quotes, zoning, site safety, project delivery, public storage facilities, construction, commercial construction, services, educational buildings, industrial warehouses, innovative construction methods, high-quality workmanship, industry relationships, cost control, state-of-the-art medical facilities, project management, long-term relationships, hospital projects, hospitality sector, sustainable construction, healthcare, client satisfaction, industrial building construction, construction management, consumer products & retail, construction & real estate, logistics & supply chain, productivity, health care, health, wellness & fitness, hospital & health care",http://www.linkedin.com/in/timothy-m-k-novak-94083aa3,https://penaltagroup.com,http://www.linkedin.com/company/penalta-group-ltd,https://www.facebook.com/penaltagroup,,"Greater Toronto Area, Canada",Mississauga,Ontario,Canada,"Oakville, California, United States, 94558",,,,+1 905-465-0970
Mehrdad,Seifi,Site Superintendent,Renokrew,Renokrew,mseifi@renokrew.com,Manager,Operations,Construction,,,,,+1 416-604-7042,,,,,,,construction,"general contracting, designbuild, construction management, sustainability targetingleed certification, modularrapid construction, building information modeling, drone technology, site supervision, adaptive reuse projects, services, historic preservation, construction services, community projects, client collaboration, sustainable building, community development, building restoration, project management, risk management, modular construction, project planning, project collaboration tools, quality control, environmentally sustainable construction, construction, social housing construction, bim, safety standards, cost management, building services, adaptive reuse, project delivery, building renovation, safety management, historic building restoration, complex site management, industrial building construction, public sector construction, construction innovation, public building renovation, public sector projects, leed certification, client satisfaction, community infrastructure, b2b, project coordination, sustainable practices, occupational health and safety, advanced construction technologies, government, supply chain management, design-build, education, non-profit, productivity, logistics & supply chain, design build, nonprofit organization management",http://www.linkedin.com/in/mehrdad-seifi-b6b65b17b,https://renokrew.com,http://www.linkedin.com/company/renokrew,,,"Greater Toronto Area, Canada",Mississauga,Ontario,Canada,"46 Le Page Ct, Toronto, Ontario, Canada, M3J 1Z9",,,,+1 416-604-7042
Brandon,Dasrath,Project Manager,Fox Contracting Ltd,Fox Contracting,stellk@fioxocbna,Manager,Engineering & Technical,Project Management,,,,,+1 613-714-6955,+1 647-989-7784,,,,,,construction,"construction, project management, renovation, contracting, real estate development, redevelopment, build-out services, space renovation, office renovation, space planning, structural steel, building design, retail space, interior renovation, content creation facilities, construction safety, retail & hospitality, cost control, long-term space value, finance, office interior design, commercial interior renovation, industrial space, timely delivery, general contracting, commercial and institutional building construction, hospitality space, timely project delivery, diverse industries, commercial construction, safety standards, industry expertise, services, facility management, client relationships, workspace safety upgrades, team coordination, client collaboration, project oversight, design collaboration, office safety assessment, quality craftsmanship, interior fit-out, consulting, construction management, safety record, long-term value, multi-industry service, collaborative approach, industry experience, commercial build-out, budget management, cost estimation, hospitality interior, healthcare, retail build-out, office fit-out, safety and quality, retail environment design, hospitality environment, client satisfaction, building assessment, industrial renovation, construction & real estate, project scheduling, high-quality spaces, space optimization, b2b, structural steel installation, client communication, workspace assessment, government, content facilities, structural steelwork, content production space, construction oversight, building renovation, project planning, project execution, interior design, content library construction, retail, construction services, construction logistics, brand reflection in spaces, rebranding, office space transformation, design-build, consumer products & retail, productivity, financial services, health care, health, wellness & fitness, hospital & health care, design build",http://www.linkedin.com/in/brandon-dasrath-00a55720b,https://foxconltd.com,http://www.linkedin.com/company/fox-contracting-ltd,,,"Toronto, Ontario, Canada",Toronto,Ontario,Canada,"1 Eva Rd, Toronto, Ontario, Canada, M9C 4Z5",,,,+1 613-714-6955
Lucio,Dias,Site Superintendent,Diligent Construction,Diligent Construction,lucio@diligentconstruction.ca,Manager,Operations,Construction,,,,,+1 416-939-2475,,,,,,,construction,"interior renovation, residential construction, commercial construction, custom construction, value engineering, safety and risk mitigation, healthcare renovation, healthcare construction, general contracting, asbestos abatement, sustainable construction, fire damage repair, project supervision, quality workmanship, construction management, client-focused construction, demolition work, regulatory compliance, hazardous materials removal, civil infrastructure projects, civil works, renovation services, interior design upgrades, client collaboration, project management, design-build projects, waste management, reliable contractor, project planning, architectural design, large-scale project execution, facility maintenance, water damage restoration, urban construction, infrastructure development, complex project management, construction excellence, safety protocols, construction expertise, adaptive reuse, environmental responsibility, industrial building construction, construction services, sustainable building practices, civil engineering, construction, site assessment, healthcare buildings renovation, turn-key solutions, b2b, healthcare, construction_real_estate, b2c, services, productivity, health care, health, wellness & fitness, hospital & health care",http://www.linkedin.com/in/luciojosephdias,https://diligentconstruction.ca,http://www.linkedin.com/company/diligent-construction,,,"Toronto, Ontario, Canada",Toronto,Ontario,Canada,"26 Dorchester Ave, Toronto, Ontario, Canada, M8Z 4W3",,,,+1 416-939-2475
Nick,Cronin,Site Superintendent,Penalta Group Ltd,Penalta Group,nick@penaltagroup.com,Manager,Operations,Construction,,,,,+1 905-465-0970,+1 437-221-4152,,,,,,construction,"office building interior fit outs, retail construction ground up interior fit out, residentialmultitenant, renovationrestoration industrial light industrialmanufacturing, design build, b2b, collaborative approach, design-build process, retail, consulting, government, real estate, client-focused, community involvement, trust and confidence, fixed-price projects, construction expertise, education, retail store fit-outs, education sector, supply chain management, healthcare facilities, retail construction, retail renovations, industrial construction, general contracting, commercial condominiums, safety procedures, subcontractor network, industrial assembly plants, timely completion, fixed-price quotes, zoning, site safety, project delivery, public storage facilities, construction, commercial construction, services, educational buildings, industrial warehouses, innovative construction methods, high-quality workmanship, industry relationships, cost control, state-of-the-art medical facilities, project management, long-term relationships, hospital projects, hospitality sector, sustainable construction, healthcare, client satisfaction, industrial building construction, construction management, consumer products & retail, construction & real estate, logistics & supply chain, productivity, health care, health, wellness & fitness, hospital & health care",http://www.linkedin.com/in/cronin-nick,https://penaltagroup.com,http://www.linkedin.com/company/penalta-group-ltd,https://www.facebook.com/penaltagroup,,"Toronto, Ontario, Canada",Toronto,Ontario,Canada,"Oakville, California, United States, 94558",,,,+1 905-465-0970
Paolo,Morano,Site Superintendent,Chart Construction Management Inc,Chart Construction Management,paolo@chartcm.ca,Manager,Operations,Construction,,,,,+1 905-761-8757,+1 647-530-2699,paolo@chartcm.ca,,,,"Call with (647) 530-2699 · SEA OF BLUE Inc called · 02:18
Sep 30, 2026 1:10PM

00:00 - SEA OF BLUE: Hello, sir.
00:01 - SEA OF BLUE: How are you today?
00:03 - (647) 530-2699: Good.
00:03 - (647) 530-2699: How are you?
00:04 - SEA OF BLUE: Good.
00:04 - SEA OF BLUE: Good.
00:04 - SEA OF BLUE: Am I speaking with mister Paulo?
00:07 - (647) 530-2699: Yeah.
00:07 - (647) 530-2699: Who's this?
00:08 - SEA OF BLUE: My name is Ryan.
00:09 - SEA OF BLUE: I'm from the Sea of Blue Post Construction Cleaning Company.
00:12 - SEA OF BLUE: I was given your number by couple people on a job set a couple months back.
00:17 - SEA OF BLUE: Are you the one that handles your post construction cleanup and vendors for the projects?
00:22 - (647) 530-2699: For my project, that's not for all of our projects.
00:26 - SEA OF BLUE: Okay.
00:26 - SEA OF BLUE: Do you currently have a cleaning company that you guys are running with, or what what's your situation?
00:31 - (647) 530-2699: Yeah.
00:32 - (647) 530-2699: We do.
00:32 - (647) 530-2699: But we have had issues, but, I mean, I'm sure the office is open to prices.
00:33 - SEA OF BLUE: How are they doing for you?
00:34 - SEA OF BLUE: It sounded like they're not the best right there.
00:43 - SEA OF BLUE: Alright.
00:43 - SEA OF BLUE: Well, I'll just give you a quick little rundown.
00:45 - SEA OF BLUE: I know that that's the exact reason we're calling is because majority of the superintendents or project managers we've ever worked with always give us the same response.
00:53 - SEA OF BLUE: They always say, oh, our companies aren't, like, doing good, aren't performing well, bad crew sizes, whatever it is that you guys have going on.
01:01 - SEA OF BLUE: We're we're reliable.
01:02 - SEA OF BLUE: We work with a lot of other companies.
01:04 - SEA OF BLUE: We work with Canadian Tire, PartsSource, Anytime Fitness, JLL, and Apex Constructions.
01:08 - SEA OF BLUE: We work with a lot of people around the GTA.
01:11 - SEA OF BLUE: If you had a moment, do you guys have any jobs closing or finishing up in the next couple months?
01:19 - (647) 530-2699: Not that I'm aware.
01:20 - (647) 530-2699: I could go and see no.
01:22 - SEA OF BLUE: Not that you're aware of?
01:23 - SEA OF BLUE: Okay.
01:23 - SEA OF BLUE: No worries.
01:23 - (647) 530-2699: If I if I can just send you my email or just give you a callback just for the second to let me know.
01:28 - SEA OF BLUE: Yes, sir.
01:28 - SEA OF BLUE: I'll I'll take down your I can take down your email right now if you like.
01:32 - (647) 530-2699: Yeah.
01:33 - SEA OF BLUE: Yeah.
01:33 - (647) 530-2699: P a o l o p a o lo@chart,chart, c m dot c a.
01:33 - SEA OF BLUE: Go ahead.
01:35 - SEA OF BLUE: Sorry.
01:35 - SEA OF BLUE: It's p a sorry.
01:37 - SEA OF BLUE: Just go again.
01:39 - SEA OF BLUE: Yep.
01:44 - SEA OF BLUE: Yep.
01:49 - SEA OF BLUE: C m dot c a?
01:51 - (647) 530-2699: Yep.
01:52 - SEA OF BLUE: Alright.
01:52 - SEA OF BLUE: Perfect, sir.
01:52 - SEA OF BLUE: I'll get in contact with you soon.
01:54 - SEA OF BLUE: I'll give you a full list of operations and SOPs that we follow and that that we can complete for you guys.
01:59 - SEA OF BLUE: Alright?
02:00 - (647) 530-2699: Cool.
02:00 - (647) 530-2699: Thank you.
02:01 - SEA OF BLUE: Perfect.
02:01 - SEA OF BLUE: Hope to speak to you soon, sir.
02:02 - SEA OF BLUE: Take care.
02:03 - (647) 530-2699: Yep.
02:04 - (647) 530-2699: Okay.
02:04 - (647) 530-2699: Bye.",construction,"construction management, estimating, project management, construction, institutional construction management, commercial construction management, chart construction management, specialized healthcare construction, construction services, hospital roof construction, healthcare construction, workforce safety, government, procurement, vendor relationships, safety management, industrial construction, construction industry expertise, consulting, services, client partnerships, healthcare project management, educational facilities, green building practices, hospital expansion, sustainable building, government projects, pre-construction assessment, real-time information, project delivery, education, interior renovation, large-scale renovations, airborne isolation rooms, commercial construction, residential projects, value engineering, b2b, budgeting, industrial building construction, scheduling, technology leverage, healthcare, progress reporting, healthcare facilities, public sector projects, building design, residential construction, timely delivery, emergency care expansion, construction & real estate, productivity, health care, health, wellness & fitness, hospital & health care",http://www.linkedin.com/in/paolo-morano-37b61b16a,https://chartcm.ca,http://www.linkedin.com/company/chartconstructionmanagement,,,"Greater Toronto Area, Canada",Mississauga,Ontario,Canada,"7681 HWY-27, Vaughan, Ontario, Canada, L4L 4M5",,,,+1 905-761-8757
Prabhjot,Singh,Site Superintendent,Nexrock Design Build Inc.,Nexrock Design Build,psingh@nexrock.com,Manager,Operations,Construction,,,,,+1 905-669-9654,+1 289-889-0409,,,,,,construction,"design build, leed gold, construction, industry best practices, industrial, cost-effective construction, commercial construction, asset types, value engineering, project delivery methods, services, hospitality, retail, diversified project personnel, retail construction, real estate services, leed certification, real estate, private equity development, industrial building construction, general contracting, leed accredited staff, project planning, b2b, sustainability, sustainable business growth, municipal construction, high-quality buildings, public sector projects, government, construction management, industrial buildings, leed gold industrial buildings, client satisfaction, manufacturing, distribution, consumer products & retail, transportation & logistics, construction & real estate, leisure, travel & tourism, environmental services, renewables & environment, mechanical or industrial engineering",http://www.linkedin.com/in/prabhjot-singh-civil-engineer,https://nexrock.com,http://www.linkedin.com/company/nexrock-design-buils-inc.,,,"Greater Toronto Area, Canada",Mississauga,Ontario,Canada,"40 Snidercroft Rd, Vaughan, Ontario, Canada, L4K 0B5",,,,+1 905-669-9654
Brady,Simpson,Assistant Site Superintendent,TORQUE®,TORQUE®,brady@torque.ca,Manager,Operations,Construction,,,,,+1 905-660-3334,,,,,,,construction,"general contracting, ici sector, warehouse industrial, education, office, mission critical, retail restaurant, aviation transportation, hirise residential, multiunit residential, client-focused, design-build, multi-sector projects, ihsa certificate of recognition, customer service, experienced management, design services, retirement and long-term care, industrial construction, client portfolio, value engineering, transportation & logistics, safety compliance, project management, high-rise residential, industrial projects, scheduling, procurement, risk management, retirement residence operators, pre-construction services, collaborative environment, retail and restaurant construction, construction management, construction services, b2b, commercial and institutional building construction, residential projects, reits, north america, aviation and transportation projects, multi-unit residential renovations, project delivery models, base building construction, healthcare, mission critical facilities, commercial construction, safety program, pension funds, services, commercial projects, residential construction, real estate development, health and safety, budgeting, construction, real estate, manufacturing, construction & real estate, design build, productivity, health care, health, wellness & fitness, hospital & health care, investment management, financial services, health & safety, mechanical or industrial engineering",http://www.linkedin.com/in/brady-simpson-48431a274,https://torque.ca,http://www.linkedin.com/company/torque-job-done,,,"Toronto, Ontario, Canada",Toronto,Ontario,Canada,"72 Corstate Ave, Vaughan, Ontario, Canada, L4K 4X2",,,,+1 905-660-3334
John,Sawicki,Site Superintendent,TORQUE®,TORQUE®,jsawicki@torque.ca,Manager,Operations,Construction,,,,,+1 905-660-3334,,,,,,,construction,"general contracting, ici sector, warehouse industrial, education, office, mission critical, retail restaurant, aviation transportation, hirise residential, multiunit residential, client-focused, design-build, multi-sector projects, ihsa certificate of recognition, customer service, experienced management, design services, retirement and long-term care, industrial construction, client portfolio, value engineering, transportation & logistics, safety compliance, project management, high-rise residential, industrial projects, scheduling, procurement, risk management, retirement residence operators, pre-construction services, collaborative environment, retail and restaurant construction, construction management, construction services, b2b, commercial and institutional building construction, residential projects, reits, north america, aviation and transportation projects, multi-unit residential renovations, project delivery models, base building construction, healthcare, mission critical facilities, commercial construction, safety program, pension funds, services, commercial projects, residential construction, real estate development, health and safety, budgeting, construction, real estate, manufacturing, construction & real estate, design build, productivity, health care, health, wellness & fitness, hospital & health care, investment management, financial services, health & safety, mechanical or industrial engineering",http://www.linkedin.com/in/john-sawicki-50647725a,https://torque.ca,http://www.linkedin.com/company/torque-job-done,,,"Mississauga, Ontario, Canada",Mississauga,Ontario,Canada,"72 Corstate Ave, Vaughan, Ontario, Canada, L4K 4X2",,,,+1 905-660-3334
Rachel,Singh,Project Coordinator,De-Zine International Consulting Ltd,De-Zine International Consulting,rachel@2dezine.com,Entry,"Engineering & Technical, Operations","Project Management, Project Development",,,,,+1 905-760-9394,,,,,,,architecture & planning,"project coordination, construction management, project management, design, architectural, electrical mechanical design drawings, design and build, site supervision, medical clinic construction, architectural design, multi-store rollout, retail space repurposing, regulatory compliance, regulation adherence, construction supervision, general contracting, healthcare facilities, material knowledge, b2b, construction services, lease end space preparation, industrial building construction, interior and exterior construction, hospitality, design and architecture, timely project delivery, building permits, vendor coordination, cost-effective solutions, consulting, cost saving renovation, client-tailored solutions, dental clinic interior, healthcare, dental clinic construction, trade management, nationwide rollout management, cost control, medical clinic remodeling, custom commercial interiors, construction, retail space renovation, pharmaceutical space design, retail, project scheduling, custom design, material selection, commercial construction, commercial real estate, interior design, permits and inspections, design solutions, services, retail renovation, medical, commercial, design-build, renovation, timely delivery, productivity, leisure, travel & tourism, health care, health, wellness & fitness, hospital & health care, design build",http://www.linkedin.com/in/rachel-singh-a9785043,https://2dezine.com,http://www.linkedin.com/company/de-zine-international-consulting-ltd,https://facebook.com/2Dezine,https://twitter.com/dezine_canada,"Vaughan, Ontario, Canada",Vaughan,Ontario,Canada,"44 E Beaver Creek Rd, Richmond Hill, Ontario, Canada, L4B 1G6",,,,+1 905-760-9394
Mahindra,Chhetri,Project Coordinator,Penalta Group Ltd,Penalta Group,mahindra@penaltagroup.com,Entry,"Engineering & Technical, Operations","Project Management, Project Development",,,,+91 97292 33644,+1 905-465-0970,,,,,,,construction,"office building interior fit outs, retail construction ground up interior fit out, residentialmultitenant, renovationrestoration industrial light industrialmanufacturing, design build, b2b, collaborative approach, design-build process, retail, consulting, government, real estate, client-focused, community involvement, trust and confidence, fixed-price projects, construction expertise, education, retail store fit-outs, education sector, supply chain management, healthcare facilities, retail construction, retail renovations, industrial construction, general contracting, commercial condominiums, safety procedures, subcontractor network, industrial assembly plants, timely completion, fixed-price quotes, zoning, site safety, project delivery, public storage facilities, construction, commercial construction, services, educational buildings, industrial warehouses, innovative construction methods, high-quality workmanship, industry relationships, cost control, state-of-the-art medical facilities, project management, long-term relationships, hospital projects, hospitality sector, sustainable construction, healthcare, client satisfaction, industrial building construction, construction management, consumer products & retail, construction & real estate, logistics & supply chain, productivity, health care, health, wellness & fitness, hospital & health care",http://www.linkedin.com/in/mahindra-chhetri,https://penaltagroup.com,http://www.linkedin.com/company/penalta-group-ltd,https://www.facebook.com/penaltagroup,,"Oakville, Ontario, Canada",Oakville,Ontario,Canada,"Oakville, California, United States, 94558",,,,+1 905-465-0970
Robert,Greig,Site Superintendent,Torcon Ltd.,Torcon,r.greig@torconcanada.com,Manager,Operations,Construction,,,,,+1 905-206-9033,+1 647-210-3666,,,,,,construction,"residential refurbishment, health and safety, project supervision, project planning, client-focused construction, construction expertise, project portfolio, specialized construction services, project management, services, construction innovation, ontario construction industry, construction solutions, new build, custom construction, project execution, small project management, portfolio, client collaboration, unique environments, custom environments, millwork, renovation, commercial construction, residential projects, commercial projects, high-profile designers, large-scale renovation, general contractor, ontario construction, hospitality construction, b2b, high-profile architect projects, construction, construction safety certification, unique project design, client satisfaction, construction & real estate, design-build, building services, safety standards, diverse projects, millwork solutions, collaborative construction process, construction safety, residential construction, commercial and institutional building construction, hospitality sector, collaborative relationship, construction management, architect collaboration, health & safety, productivity, design build",http://www.linkedin.com/in/robert-greig-88a405157,https://torconcanada.com,http://www.linkedin.com/company/torcon-ltd,,,"Toronto, Ontario, Canada",Toronto,Ontario,Canada,"5155 Spectrum Way, Mississauga, Ontario, Canada, L4W 5A1",,,,+1 905-206-9033
Daniel,Cameron,Project Coordinator,Cameron + Associates Management Inc. (CAMi Management),Cameron + Associates Management,dancameron@camimanagement.com,Entry,"Engineering & Technical, Operations","Project Management, Project Development",,,,+1 647-534-7215,+1 416-710-3092,,dancameron@camimanagement.com,,,,,construction,"retail, food services, manufacturing, logistics, retail development, building contractors, site servicing, building contracting, retail and industrial projects, retail infill, consulting, services, construction oversight, cost control, construction, tenant fit-out, schedule development, industrial projects, project closeout, paving, budget management, construction management, engineered building pads, tenant coordination, cost-effective measures, turnkey construction, vanilla shell construction, project coordination, project management, b2b, real estate development, multi-site project management, concrete work, logistical support, design execution, construction supervision, multi-acre site management, site development, site redevelopment, industrial site development, retail construction, landscaping, client-focused approach, speed-to-market services, project planning, tenant fit-out support, project scope development, industrial building construction, client communication, multi-tenant cru, drive-thru construction, consumer products & retail, construction & real estate, mechanical or industrial engineering, productivity",http://www.linkedin.com/in/daniel-cameron,https://camimanagement.com,http://www.linkedin.com/company/cami-management,,,"Greater Toronto Area, Canada",Mississauga,Ontario,Canada,"300 New Toronto Street, Toronto, Ontario, Canada, M8V 2E8",,,,+1 416-710-3092
Kyle,Malmquist,Site Superintendent,Everstrong Construction Ltd.,Everstrong Construction,kyle@everstrong.ca,Manager,Operations,Construction,,,,,+1 905-878-7295,,,,,,,construction,"ici construction, project management, commercial construction, b2b, services, productivity",http://www.linkedin.com/in/kyle-malmquist-1a6398103,https://everstrongconstructionltd.com,http://www.linkedin.com/company/everstrong-construction-ltd.,,,"Greater Toronto Area, Canada",Mississauga,Ontario,Canada,"15 Brownridge Rd, Halton Hills, Ontario, Canada, L7G 0C6",,,,+1 905-878-7295
Alex,Stevenson,Senior Site Superintendent,Nexrock Design Build Inc.,Nexrock Design Build,astevenson@nexrock.com,Manager,Operations,Construction,,,,+1 416-388-3646,+1 905-669-9654,,,,,,"Call with Cameron Cameron + Associates · SEA OF BLUE Inc called · 05:02
Oct 1, 2026 12:28PM

00:00 - Cameron: Hello?
00:01 - SEA OF BLUE: Hi.
00:01 - SEA OF BLUE: Am I speaking with, mister Cameron?
00:05 - Cameron: You are.
00:06 - SEA OF BLUE: How are you today, sir?
00:07 - SEA OF BLUE: My name is, Ryan from Sea of Blue.
00:11 - Cameron: Doing well.
00:13 - SEA OF BLUE: The reason I'm calling is I'm a post construction cleaning company.
00:17 - SEA OF BLUE: I'm a...
00:17 - SEA OF BLUE: I'll tell you, I'll be honest with you.
00:18 - SEA OF BLUE: It's a little bit of a cold call.
00:19 - SEA OF BLUE: Are you the project coordinator for Cameron's Associates?
00:24 - SEA OF BLUE: Right?
00:26 - Cameron: Yeah.
00:28 - SEA OF BLUE: Do you handle the post construction cleanup vendors for your projects?
00:34 - Cameron: We have, like, a directory of a few companies.
00:37 - Cameron: Yeah.
00:38 - SEA OF BLUE: You guys do?
00:39 - SEA OF BLUE: Okay.
00:39 - SEA OF BLUE: So the reason I'm calling, and I know it's not your office, is I know that the cleaning is, like, a little bit of an overlooked issue with a lot of other project managers and coordinators that we work with.
00:49 - SEA OF BLUE: You know, a little bit of issues with crew sizes, people not getting the job done properly.
00:54 - SEA OF BLUE: Is that something you've kinda run into with your other companies before?
00:59 - Cameron: No.
01:00 - Cameron: We've got, like, a a handful of people that when we go out for tender for a project, we send it to them, and they give their price to, you know, sort of final cleaning and that kind of stuff.
01:13 - SEA OF BLUE: Right.
01:13 - SEA OF BLUE: Right.
01:13 - SEA OF BLUE: So you guys have a Tender list for all that?
01:19 - Cameron: Like, yeah, we've got, like a, like I said, a handful of companies that we reach out to when we go up for tender.
01:23 - SEA OF BLUE: Okay.
01:24 - SEA OF BLUE: No worries.
01:25 - SEA OF BLUE: Just saying, we...
01:26 - SEA OF BLUE: We're a company out of GTA.
01:28 - SEA OF BLUE: We operate with a lot of other companies such as Canadian Tire, HKC Construction, Parts Stores, Anytime Fitness, Apex Constructions.
01:35 - SEA OF BLUE: We work with all these guys before.
01:38 - SEA OF BLUE: Basically, what we do is we come by.
01:42 - SEA OF BLUE: We do full cleanup crews for everything.
01:45 - SEA OF BLUE: We do quoted upfront prices and everything for you guys as well.
01:49 - SEA OF BLUE: So I'm not asking you to drop anybody or switch between who you guys are using, but, are you guys closing any projects within the next, month or so?
02:03 - Cameron: We are not, but...
02:09 - Cameron: Do you have my email?
02:12 - SEA OF BLUE: Do I have your email?
02:13 - SEA OF BLUE: I'm not sure because we went by one of the sites a couple months back, one of my other coworkers, and someone gave your number because, I guess, you're the one in charge of all that.
02:25 - SEA OF BLUE: And they told us to reach out to you.
02:27 - SEA OF BLUE: So I only have your phone number here, sir.
02:29 - SEA OF BLUE: If you want, I can give you an email with all of our services and everything that we offer, if that's okay with you.
02:35 - SEA OF BLUE: And you guys can take a quick look at it, get us back to...
02:38 - SEA OF BLUE: Or if you guys wanna put us on your list for any other future clean just to give us a trial.
02:44 - Cameron: That's what we would do.
02:45 - Cameron: We would just put you on a list, and then when we go for Tinder, we can give you a price.
02:49 - Cameron: And if it works, it works.
02:53 - SEA OF BLUE: Yes, sir.
02:53 - SEA OF BLUE: Absolutely.
02:54 - SEA OF BLUE: I'd love to get I'd love to get into some contact with you guys and hopefully do some business with you guys.
02:59 - SEA OF BLUE: What's the what's the best email to send everything to?
03:02 - Cameron: So it's Dan Cameron, d a n c a m e r o n, at cami management.
03:09 - SEA OF BLUE: Yes, sir.
03:13 - Cameron: So c a m I management dot com.
03:17 - SEA OF BLUE: Yep.
03:21 - SEA OF BLUE: Ben dot com.
03:22 - SEA OF BLUE: Perfect.
03:23 - SEA OF BLUE: Okay.
03:24 - SEA OF BLUE: What projects are you guys currently working on?
03:25 - Cameron: We have kinda one in that we're just starting.
03:26 - SEA OF BLUE: Do you guys have anything ongoing?
03:39 - Cameron: We have one in Dryden, Ontario, but that's probably too far.
03:44 - SEA OF BLUE: We operate in most of the areas.
03:46 - SEA OF BLUE: So, honestly, if if everything works out, then, yeah, we would be able to service those areas if you guys were looking to get anything done.
03:52 - Cameron: It's it's, like, two hours from the Manitoba border.
03:59 - SEA OF BLUE: Oh, okay.
03:59 - SEA OF BLUE: Yeah.
04:00 - SEA OF BLUE: That makes sense then.
04:01 - Cameron: It's in a different time zone.
04:03 - SEA OF BLUE: Yeah.
04:04 - SEA OF BLUE: Okay.
04:04 - SEA OF BLUE: That's fair.
04:06 - SEA OF BLUE: Okay.
04:07 - SEA OF BLUE: No worries.
04:07 - SEA OF BLUE: If you guys obviously have anything operating around anytime that you guys are looking for, I wouldn't mind receiving any, information about it.
04:16 - SEA OF BLUE: And then I can give you guys a price on that, and then hopefully we can move forward and you guys are more satisfied with us than your current cleaners because we've got good feedback from a lot of other project managers that we work with, and I'm looking to just grow with other companies here and out.
04:31 - SEA OF BLUE: So if anything that you guys come across, I'd definitely...
04:34 - SEA OF BLUE: I'll shoot you guys an email with all of our information, everything that we offer, and then hopefully we can figure something out from there.
04:41 - Cameron: Sounds good.
04:42 - SEA OF BLUE: Alright.
04:42 - SEA OF BLUE: Perfect.
04:43 - SEA OF BLUE: Thank you very much for your time, sir.
04:44 - SEA OF BLUE: Have a good day.
04:45 - Cameron: You too.
04:46 - Cameron: Thanks.",construction,"design build, leed gold, construction, industry best practices, industrial, cost-effective construction, commercial construction, asset types, value engineering, project delivery methods, services, hospitality, retail, diversified project personnel, retail construction, real estate services, leed certification, real estate, private equity development, industrial building construction, general contracting, leed accredited staff, project planning, b2b, sustainability, sustainable business growth, municipal construction, high-quality buildings, public sector projects, government, construction management, industrial buildings, leed gold industrial buildings, client satisfaction, manufacturing, distribution, consumer products & retail, transportation & logistics, construction & real estate, leisure, travel & tourism, environmental services, renewables & environment, mechanical or industrial engineering",http://www.linkedin.com/in/alex-stevenson-78b2b267,https://nexrock.com,http://www.linkedin.com/company/nexrock-design-buils-inc.,,,"Mississauga, Ontario, Canada",Mississauga,Ontario,Canada,"40 Snidercroft Rd, Vaughan, Ontario, Canada, L4K 0B5",,,,+1 905-669-9654
Alex,Park,Site Superintendent,Mondconsult Limited,Mondconsult,alex@mondconsult.com,Manager,Operations,Construction,,,,+1 647-965-0559,+1 905-669-4080,,kinga@monbconsult.com,EXT 222 Farhad,,,"Call with Kinga Mondconsult Limited · SEA OF BLUE Inc called · 07:01
Oct 1, 2026 12:39PM

00:00 - Kinga: Hi.
00:00 - Kinga: You've reached Mon Consult.
00:01 - Kinga: If you know your party's extension, please dial it now.
00:05 - Kinga: For Kinga, 221, Andre, 224, Victor, 227, Mariana, 228, James, 230, Irina, 236, Daniela, 222.
00:20 - Kinga: Thank you.
00:32 - SEA OF BLUE: Hi.
00:32 - SEA OF BLUE: How are you today?
00:35 - SEA OF BLUE: Good.
00:36 - SEA OF BLUE: Good.
00:36 - SEA OF BLUE: I was looking to get in contact with somebody in regards to your post construction cleanup vendors.
00:42 - SEA OF BLUE: I was looking to see if you...
00:44 - SEA OF BLUE: I know I know you're obviously by a receptionist that doesn't handle that, but do you know who would handle that?
00:52 - Kinga: I'm not a receptionist.
00:53 - Kinga: I'm a project manager.
00:55 - SEA OF BLUE: Oh, perfect.
00:55 - Kinga: And what pro...
00:58 - Kinga: What you are inquiring here?
01:01 - SEA OF BLUE: So, basically...
01:01 - SEA OF BLUE: Sorry.
01:02 - SEA OF BLUE: I'll give you a little rundown.
01:03 - SEA OF BLUE: My name is Ryan.
01:04 - SEA OF BLUE: I'm from the c o blue post construction cleaning company.
01:06 - SEA OF BLUE: We were walking by a couple months back on one of your guys' sites, and someone had given me the number to call.
01:13 - SEA OF BLUE: The reason I'm calling is we we handle a lot of post construction cleanup and vendor sites for a lot of other project managers and superintendents all over the GTA.
01:21 - SEA OF BLUE: And, basically, we do pre we do pre and post construction cleaning for commercial and residential spaces.
01:23 - Kinga: But what is...
01:24 - Kinga: But what exactly are you cleaning?
01:25 - Kinga: The road or you are doing the pre and post cleaning after construction in the unit.
01:38 - Kinga: Mhmm.
01:39 - Kinga: We don't have anything right now.
01:41 - SEA OF BLUE: You don't have anything right now?
01:43 - Kinga: No.
01:43 - Kinga: Which needs cleaning?
01:46 - Kinga: Which site did you pass by?
01:48 - Kinga: Do you remember the street?
01:50 - SEA OF BLUE: Oof.
01:51 - SEA OF BLUE: It was a couple months back, so I don't remember what street it was.
01:57 - SEA OF BLUE: But it was in it was in the GTA.
01:57 - Kinga: Do you remember the region?
01:59 - Kinga: Which city was?
02:01 - SEA OF BLUE: It was in, I believe, close to Mississauga area.
02:05 - Kinga: Okay.
02:05 - Kinga: That is a highlight project.
02:11 - Kinga: There...
02:14 - Kinga: It's it's a complicated situation there, but let me give you my email address.
02:20 - SEA OF BLUE: Yes, ma'am.
02:21 - Kinga: And write me an email, and we will keep you updated.
02:26 - Kinga: So what is happening at Highlight, it was some legal issues there.
02:31 - SEA OF BLUE: Oh.
02:31 - Kinga: We get out, and it seems like somebody else took over the project, and they are...
02:37 - Kinga: We are going in again to continue.
02:40 - Kinga: And that would be, yes, closest to finishing and cleaning and so on.
02:44 - SEA OF BLUE: Okay.
02:45 - SEA OF BLUE: Yeah.
02:46 - Kinga: Right now, let's say for the...
02:49 - Kinga: This month, they are still dealing with legal issues and transferring the property from one to another to to the lender.
02:57 - SEA OF BLUE: Of course.
02:58 - SEA OF BLUE: Yeah.
02:58 - SEA OF BLUE: All the legality issues and everything.
02:59 - Kinga: And...
03:00 - Kinga: Yes.
03:00 - Kinga: So I don't know how long it will take.
03:00 - SEA OF BLUE: Yeah.
03:02 - SEA OF BLUE: Okay.
03:03 - Kinga: If everything goes smooth and we are starting again, then, yes, we will need cleaning there.
03:12 - Kinga: So just send your info.
03:13 - Kinga: I will send it to the Farhad.
03:18 - Kinga: He's dealing with with tendering.
03:23 - SEA OF BLUE: Okay.
03:25 - Kinga: And he will he will reach out to you as soon as we we need something.
03:29 - SEA OF BLUE: Alright.
03:29 - Kinga: Okay?
03:29 - SEA OF BLUE: No worries.
03:30 - SEA OF BLUE: I'll grab that email from you whenever you're ready.
03:32 - Kinga: Okay.
03:33 - Kinga: So my email address is kinga, k I n g a, at montconsult dot com.
03:36 - SEA OF BLUE: Yep.
03:39 - Kinga: Do you want me to spell Montconsult?
03:41 - SEA OF BLUE: Yes, please.
03:43 - Kinga: M o n d, d like Dan, c o n s u l t dot com.
03:44 - SEA OF BLUE: M o n b, yep, at dot com?
03:56 - Kinga: Yes.
03:57 - SEA OF BLUE: Okay.
03:57 - SEA OF BLUE: No worries.
03:58 - SEA OF BLUE: Just so you know, we're a company that operates with a lot of other major companies that you might know, Canadian Tire, PartsSource, Anytime Fitness, and Apex Constructions.
04:06 - SEA OF BLUE: We work with all these guys who are very reputable brand.
04:09 - SEA OF BLUE: So if you guys were looking to get anything with that project specifically, of course, the one that you're talking about, especially after all the legal stuff is done and everything, so you guys can close that out and figure it out on your end.
04:20 - SEA OF BLUE: We'd be happy to do a walk through or something with you guys and just get a good, understanding of what the property and everything looks like.
04:28 - Kinga: Okay.
04:28 - Kinga: So if we will get there and when we will get there, Farhad will send you the architectural drawings so you can see exactly the layouts and how big are the units.
04:38 - Kinga: So probably, you will be able to give us a quote just take...
04:42 - SEA OF BLUE: Of course, I could.
04:43 - SEA OF BLUE: Yep.
04:44 - Kinga: Yeah.
04:44 - Kinga: Taking a look to the drawings.
04:46 - Kinga: If any questions or site visit will be necessary, then we can coordinate with the site support that it will be on that site.
04:55 - Kinga: What I would suggest when you have time, let's say, in a month or so, just check back again.
05:03 - SEA OF BLUE: Mhmm.
05:05 - Kinga: So...
05:06 - Kinga: Because we are receiving this kind of phone calls, like, multiple times daily, just so you can make sure that you are on the bidding list.
05:16 - Kinga: Okay?
05:16 - SEA OF BLUE: Of course.
05:16 - SEA OF BLUE: No worry.
05:17 - SEA OF BLUE: You guys get a lot of other cleaning companies that call you?
05:21 - Kinga: I was not referring to cleaning companies.
05:23 - Kinga: I was referring to all the trades that we are working with because we are construction managers, so not necessarily cleaning.
05:23 - SEA OF BLUE: Oh, okay.
05:27 - SEA OF BLUE: Oh, of course.
05:27 - SEA OF BLUE: Of course.
05:28 - SEA OF BLUE: Yeah.
05:29 - SEA OF BLUE: Yes, sir.
05:30 - SEA OF BLUE: Yes, ma'am.
05:33 - SEA OF BLUE: Of course.
05:33 - Kinga: Between them, yes.
05:35 - Kinga: They are cleaning too, but it depends.
05:38 - Kinga: So just check back.
05:40 - Kinga: Farhad's phone number, it's...
05:43 - Kinga: I mean, if you're sending an email His phone number, I'm checking here.
05:45 - SEA OF BLUE: Yeah.
05:45 - SEA OF BLUE: I'd love to get Farhad's contact if you could.
05:47 - SEA OF BLUE: His email and his phone number would be best both if you could.
05:54 - Kinga: Give me a second.
05:55 - SEA OF BLUE: No worries, man.
05:56 - SEA OF BLUE: Take your time.
05:57 - Kinga: My list is not updated with the internal numbers.
06:00 - SEA OF BLUE: Of course not.
06:02 - SEA OF BLUE: Our list are get...
06:03 - SEA OF BLUE: Our list get barely updated as well.
06:05 - SEA OF BLUE: Don't worry.
06:05 - SEA OF BLUE: I know.
06:08 - Kinga: So his number is exactly the same with the extension 222.
06:13 - SEA OF BLUE: Okay.
06:14 - SEA OF BLUE: It's this number this number I called with the extension 222?
06:14 - Kinga: Okay.
06:17 - Kinga: Yes.
06:18 - SEA OF BLUE: Okay.
06:19 - SEA OF BLUE: Perfect.
06:20 - SEA OF BLUE: Alright.
06:21 - SEA OF BLUE: And that's for Farhad, you said?
06:24 - Kinga: Yes.
06:25 - Kinga: F a r h a d.
06:25 - SEA OF BLUE: Perfect.
06:28 - SEA OF BLUE: Beautiful.
06:28 - SEA OF BLUE: Okay.
06:29 - SEA OF BLUE: Perfect.
06:29 - SEA OF BLUE: And what was your name, ma'am?
06:29 - Kinga: And it's this...
06:31 - Kinga: My name is Kinga.
06:32 - SEA OF BLUE: Kinga?
06:33 - SEA OF BLUE: Alright.
06:33 - SEA OF BLUE: Ryan.
06:33 - SEA OF BLUE: Nice to meet you, ma'am.
06:35 - Kinga: Nice to meet you.
06:37 - SEA OF BLUE: Over the phone, at least, for now.
06:39 - Kinga: Exactly.
06:40 - Kinga: Okay, Ryan.
06:41 - Kinga: Send me an email, and we will start from there.
06:43 - Kinga: Okay?
06:43 - SEA OF BLUE: Okay.
06:43 - SEA OF BLUE: Beautiful, ma'am.
06:44 - SEA OF BLUE: I'll send you something over just before the end of the day.
06:46 - SEA OF BLUE: Perfect.
06:47 - Kinga: Yes.
06:47 - Kinga: Thank you.
06:48 - Kinga: Take care.
06:48 - SEA OF BLUE: Take care.
06:48 - Kinga: Bye bye.
06:49 - SEA OF BLUE: Bye bye.",civil engineering,"comprehensive construction project management, value engineering, design consulting services, management supervision services, steel, concrete wood construction methods, adaptive reuse, permits and approvals, multi-unit homes, project scheduling, adaptive reuse of structures, heritage building conservation, building construction, construction & engineering, consulting, services, structural reinforcement, sustainable building practices, construction, safety management, quality control, construction consulting, heritage building revitalization, structural materials, construction management, residential construction, general contracting, building safety, heritage revitalization, project management, project coordination, foundation and envelope upgrades, b2b, ai in construction, industrial construction, real estate development, structural engineering, feasibility studies, project delivery, restoration and retrofitting, client partnerships, luxury interior design, construction services, bim, seismic upgrades, commercial construction, budget control, interior design, cost analysis, site assessment, feasibility studies for retrofitting, industrial building construction, design-build, complex retrofit projects, timely completion, architectural design, owner's representation, structural engineering consulting, custom homes, heritage conservation, building permits, construction & real estate, productivity, design build",http://www.linkedin.com/in/alex-h-park-b18162a4,https://mondconsult.com,http://www.linkedin.com/company/mondconsult-limited,,https://twitter.com/mondconsultltd,"Greater Toronto Area, Canada",Mississauga,Ontario,Canada,"400 Creditstone Rd, Vaughan, Ontario, Canada, L4K 3Z3",,,,+1 905-669-4080
Matt,Sattar,Senior Project Manager,Shurway Contracting Ltd.,Shurway Contracting,matt.sattar@shurway.ca,Manager,Engineering & Technical,Project Management,,,,+1 647-545-0540,+1 416-750-4204,,,,,,,construction,"general contracting, construction management, project management, hotel renovation, commercial renovation, industrial renovation, multi-floor build-outs, retail, project oversight, commercial construction, industry relationships, retail projects, timely project delivery, construction, procurement, real estate, consulting, leed certified, cost control, leed ap, industrial building construction, construction expertise, design-build, b2b, asset management support, interior renovations, occupancy planning, general contractor, hospitality sector, building gut renovation, furniture and equipment procurement, building gutting and renewal, multi-residential renovations, risk management, sustainable development, safety accreditation, real estate development, client partnerships, tenant improvement, facility management, high-rise projects, hospitality, furniture installation coordination, complex project execution, operational efficiency, services, consumer products & retail, construction & real estate, productivity, design build, sustainability, environmental services, renewables & environment, leisure, travel & tourism",http://www.linkedin.com/in/matt-sattar-m-eng-61b3006a,https://shurway.ca,http://www.linkedin.com/company/shurway-contracting-ltd-,https://www.facebook.com/people/Shurway/61571745912450/,,"Greater Toronto Area, Canada",Mississauga,Ontario,Canada,"72 Crockford Blvd, Toronto, Ontario, Canada, M1R 3C3",,,,+1 416-750-4204
Gary,Jones,Site Super,TORQUE®,TORQUE®,gary@torque.ca,Manager,Operations,Construction,,,,+1 647-532-8546,+1 905-660-3334,,,,,,,construction,"general contracting, ici sector, warehouse industrial, education, office, mission critical, retail restaurant, aviation transportation, hirise residential, multiunit residential, client-focused, design-build, multi-sector projects, ihsa certificate of recognition, customer service, experienced management, design services, retirement and long-term care, industrial construction, client portfolio, value engineering, transportation & logistics, safety compliance, project management, high-rise residential, industrial projects, scheduling, procurement, risk management, retirement residence operators, pre-construction services, collaborative environment, retail and restaurant construction, construction management, construction services, b2b, commercial and institutional building construction, residential projects, reits, north america, aviation and transportation projects, multi-unit residential renovations, project delivery models, base building construction, healthcare, mission critical facilities, commercial construction, safety program, pension funds, services, commercial projects, residential construction, real estate development, health and safety, budgeting, construction, real estate, manufacturing, construction & real estate, design build, productivity, health care, health, wellness & fitness, hospital & health care, investment management, financial services, health & safety, mechanical or industrial engineering",http://www.linkedin.com/in/gary-jones-31824626,https://torque.ca,http://www.linkedin.com/company/torque-job-done,,,"Greater Toronto Area, Canada",Mississauga,Ontario,Canada,"72 Corstate Ave, Vaughan, Ontario, Canada, L4K 4X2",,,,+1 905-660-3334
Travis,Burke,Project Manager,Structure Corp,Structure,tburke@structurecorp.com,Manager,Engineering & Technical,Project Management,,+1 416-588-3810 ext 243,,,+1 416-588-2004,+1 416-201-2850,,,,,,construction,"construction management, general contracting, commercial interiors, project management, retail, client satisfaction, commercial and institutional building construction, design-build, premium project execution, construction supervision, residential projects, residential, b2b, construction, luxury hospitality projects, services, flagship retail store build, residential construction, dining, multi-sector expertise, sector-specific construction, luxury hotel construction, commercial construction, interior architecture, architectural design, hospitality projects, high-end residential construction, retail flagship stores, tailored construction solutions, construction services, building renovation, toronto construction, construction consulting, hospitality, project delivery, heritage building renovation, construction & real estate, construction project management, project supervision, bespoke construction management, multi-sector construction expertise, design-build services, restaurant construction, custom project delivery, high-profile projects, retail projects, luxury retail, custom construction solutions, custom interior fit-outs, corporate construction, client-focused approach, luxury project execution, consumer products & retail, productivity, design build, architecture & planning, leisure, travel & tourism",http://www.linkedin.com/in/travis-burke-34282469,https://structurecorp.com,http://www.linkedin.com/company/structure-corp,,,"Oakville, Ontario, Canada",Oakville,Ontario,Canada,"35 Golden Ave, Toronto, Ontario, Canada, M6R 2J5",,,,+1 416-588-2004
Keisha,Grant,Project Coordinator,De-Zine International Consulting Ltd,De-Zine International Consulting,keisha@2dezine.com,Entry,"Engineering & Technical, Operations","Project Management, Project Development",,,,,+1 905-760-9394,,,,,,,architecture & planning,"project coordination, construction management, project management, design, architectural, electrical mechanical design drawings, design and build, site supervision, medical clinic construction, architectural design, multi-store rollout, retail space repurposing, regulatory compliance, regulation adherence, construction supervision, general contracting, healthcare facilities, material knowledge, b2b, construction services, lease end space preparation, industrial building construction, interior and exterior construction, hospitality, design and architecture, timely project delivery, building permits, vendor coordination, cost-effective solutions, consulting, cost saving renovation, client-tailored solutions, dental clinic interior, healthcare, dental clinic construction, trade management, nationwide rollout management, cost control, medical clinic remodeling, custom commercial interiors, construction, retail space renovation, pharmaceutical space design, retail, project scheduling, custom design, material selection, commercial construction, commercial real estate, interior design, permits and inspections, design solutions, services, retail renovation, medical, commercial, design-build, renovation, timely delivery, productivity, leisure, travel & tourism, health care, health, wellness & fitness, hospital & health care, design build",http://www.linkedin.com/in/keisha-grant-306a1a37,https://2dezine.com,http://www.linkedin.com/company/de-zine-international-consulting-ltd,https://facebook.com/2Dezine,https://twitter.com/dezine_canada,"Markham, Ontario, Canada",Markham,Ontario,Canada,"44 E Beaver Creek Rd, Richmond Hill, Ontario, Canada, L4B 1G6",,,,+1 905-760-9394
Manohar,Akurathi,Project Coordinator,MTLI Group,MTLI Group,manohar@mtligroup.com,Entry,"Engineering & Technical, Operations","Project Management, Project Development",,,,,+1 416-293-2176,,,,,,,logistics & supply chain,"project management, construction, warehouse automation, material handling systems, facility transitions, warehouse relocation, decommissioning services, asset liquidation, distribution center upgrades, warehouse retrofits, equipment sourcing, automation integration, turnkey industrial solutions, millwright services, sortation systems, conveyor installation, preventative maintenance, infrastructure upgrades, rack supported structures, tenant improvements, national rollouts, industrial engineering support, industrial electrical services, pallet racking systems, industrial construction, commercial construction, transportation, logistics, supply chain & storage, b2b, services, productivity, logistics & supply chain",http://www.linkedin.com/in/manoharakurathi,https://mtligroup.com,http://www.linkedin.com/company/mtligroup,https://www.facebook.com/MTLIGroup,,"Scarborough, Ontario, Canada",Toronto,Ontario,Canada,"165 Gibson Dr, Markham, Ontario, Canada, L3R 3K7",,,,+1 416-293-2176
Bruno,Bravo,Site Superintendent,Arguson Projects Inc,Arguson Projects,bruno@arguson.ca,Manager,Operations,Construction,,,,,+1 905-848-0707,+1 647-952-8189,,,,,,construction,"general contracting, project management, construction management, designbuild, facilities management, advisory planning, preconstruction, reliable construction partner, stakeholder engagement, project planning, project monitoring, hazard prevention, residential construction, energy & sustainability, notable projects, construction process optimization, construction project lifecycle, stakeholder communication, project risk management, consulting, north american markets, industrial facilities, environmental responsibility, safety management systems, value-added services, industrial and commercial expertise, building restoration, certified safety management, residential renovation, client focus, digital construction tools, sustainable solutions, project execution, community support, leed certification consulting, environmentally conscious construction, sustainable infrastructure, sustainable design, facility management, green building standards, industrial projects, environmental impact mitigation, green building practices, community development, services, commercial construction, community engagement, facility & capital project management, construction, project delivery, construction expertise, project coordination, client relationships, environmental best practices, renovation and new build, life cycle assessment in construction, building operations, stakeholder collaboration, building lifecycle management, energy & environmental consulting, renovation services, custom construction, public sector projects, green building certifications, sustainable development, energy conservation strategies, building performance optimization, energy savings, safety compliance, energy efficiency upgrades, diversity & inclusion, renewable energy integration, family-oriented values, sustainable design solutions, safety certification, construction safety, industrial renovation, multi-sector experience, project consultation, energy efficiency measures, green retrofit projects, climate-conscious building practices, collaborative approach, north american construction, industrial building construction, client collaboration, government, life cycle assessment, value creation, energy conservation, energy & sustainability services, project success, construction quality control, leed certification, notable project portfolio, construction industry standards, project management expertise, building performance, adaptive reuse projects, energy & sustainability consulting, project portfolio, innovative solutions, energy efficiency, carbon reduction initiatives, project supervision, team expertise, safety standards, public sector construction, reliability, construction team expertise, energy management systems, leed standards, design-build services, safety management, innovation, public and private sector, construction technology, real estate, family values, construction innovation technologies, reliable partner, construction innovation, carbon reduction strategies, cor certification, renewable energy projects, carbon footprint reduction, b2b, client satisfaction, sustainable building practices, building excellence, sustainable building, energy savings consulting, diversity in workforce, environmental impact assessment, client-centric approach, carbon reduction strategies in construction, leed and green building, construction services, quality and integrity, energy management, environmental services, sustainable development in construction, relationship-based contractor, environmental stewardship in construction, renewable energy, innovative construction, quality assurance, pre-construction planning, sustainability solutions, health and safety compliance, diversity and inclusion, client relations, contractor relationships, site management, building renovations, safety culture, capital project management, adaptive reuse, health care facilities, logistics construction, retail development, environmental impact, mechanical upgrades, electrical services, building envelope restoration, accessibility compliance, construction operations, team development, employee engagement, corporate responsibility, safety management system, lifecycle assessment, client-focused approach, commitment to excellence, workplace diversity, non-profit, transportation & logistics, energy & utilities, construction & real estate, productivity, sustainability, renewables & environment, oil & energy, clean energy & technology, nonprofit organization management",http://www.linkedin.com/in/bruno-bravo-a01491163,https://arguson.ca,http://www.linkedin.com/company/arguson-projects-inc,,,"York, Ontario, Canada",Toronto,Ontario,Canada,"2655 N Sheridan Way, Mississauga, Ontario, Canada, L5K 2P8",,,,+1 905-848-0707
Scott,Chuback,Site Superintendent HKC Construction.,HKC Construction,HKC Construction,scottc@hkcconstruction.com,Manager,,,,,,,+1 905-565-1220,+1 647-295-9327,,,,,,construction,"project management, general contracting, renovation, restoration, commercial, institutional, retail, designbuild, multi-industry experience, industrial construction, public and government projects, construction, project planning, construction management, educational facility upgrades, sustainability, quality assurance, ontario construction, design and build, educational facilities, b2b, customized solutions, refrigerated warehouse, reliable partner, tenant improvements, multi-sector expertise, energy efficiency, client collaboration, mechanical systems, construction services, permit acquisition, complex project execution, retail fit-outs, multi-phase project management, healthcare construction, heritage building restoration, award-winning contractor, office construction, building renovation, safety standards, services, ada compliance, large-scale industrial projects, value engineering, cost estimation, residential construction, commercial construction, client satisfaction, eco-friendly building practices, sustainable practices, industrial warehouse, cost control, specialized commercial spaces, building trust, modular construction, hospitality construction, retail construction, timely delivery, quality control, green building practices, post-construction support, government, sustainable construction, healthcare facility construction, safety management, emergency services, build outs and restorations, multi-sector construction, data center construction, airport renovation, medical facility renovation, custom interior fit-outs, heritage preservation, municipal infrastructure, commercial and institutional building construction, risk management, safety protocols, facility management, project scheduling, healthcare, education, manufacturing, distribution, productivity, environmental services, renewables & environment, health care, health, wellness & fitness, hospital & health care, mechanical or industrial engineering",http://www.linkedin.com/in/scott-chuback-307955ab,https://hkcconstruction.com,http://www.linkedin.com/company/hkcconstruction,https://www.facebook.com/HKCconstruction,https://twitter.com/HKCconstruction,"Toronto, Ontario, Canada",Toronto,Ontario,Canada,"145 Traders Blvd E, Mississauga, Ontario, Canada, L4Z 3L3",,,,+1 905-565-1220
Massoud,Bolourian,Site Superintendent,TriAxis Construction,TriAxis Construction,mbolourian@triaxis.ca,Manager,Operations,Construction,,,,,+1 416-613-1333,+1 416-268-7523,,,,,,construction,"construction management, general contractors, development management, project management, construction, building projects, consulting, project planning, construction management techniques, construction project delivery methods, construction industry leadership, development advisory, construction efficiency, construction services, design-build, complex building projects, industrial construction, landowner services, institutional projects, construction project portfolio, diverse client base, real estate development, north american construction, healthcare construction, hospitality projects, general contracting, complex projects, advisory services, b2b, commercial and institutional building construction, north america, construction consulting, construction innovation, commercial construction, hospitality construction, construction solutions, reputation for quality, construction partnerships, development consulting, construction safety, institutional construction, construction industry, services, construction expertise, construction industry experience, client relationships, construction quality assurance, project delivery, construction value over $1 billion, healthcare, construction & real estate, productivity, design build, health care, health, wellness & fitness, hospital & health care",http://www.linkedin.com/in/massoud-b-0966,https://triaxis.ca,http://www.linkedin.com/company/triaxisconstruction,,,"Greater Toronto Area, Canada",Mississauga,Ontario,Canada,"Toronto, Ontario, Canada",,,,+1 416-613-1333
Shagufta,Shaikh,Project Coordinator,Cornerstone Building and Property Services,Cornerstone Building and Property Services,sshaikh@cbps.ca,Entry,"Engineering & Technical, Operations","Project Management, Project Development",,,,,+1 905-364-5588,,,,,,"Call with (905) 364-5588 · SEA OF BLUE Inc called · 01:54
Oct 1, 2026 2:16PM

00:00 - (905) 364-5588: You for calling Cornerstone Building and Property Services.
00:02 - (905) 364-5588: If you know the extension of the person you are calling, enter it now.
00:06 - (905) 364-5588: For our company directory, press the number sign.
00:09 - (905) 364-5588: For sales and estimating, press 1.
00:11 - (905) 364-5588: For operations and services, press 2.
00:14 - (905) 364-5588: For all other inquiries, please dial 0 or Hello.
00:29 - (905) 364-5588: Vanessa speaking.
00:30 - SEA OF BLUE: Hello.
00:31 - SEA OF BLUE: How are you today?
00:33 - (905) 364-5588: I'm good.
00:33 - (905) 364-5588: Who are you with speaking to?
00:36 - SEA OF BLUE: Good.
00:36 - SEA OF BLUE: Good.
00:37 - SEA OF BLUE: I was...
00:37 - SEA OF BLUE: This is Ryan from the c o blue post construction cleaning company.
00:41 - SEA OF BLUE: I was giving you guys a call.
00:43 - SEA OF BLUE: Are you the one that handles your post construction cleanup vendors or for your projects, or is that somebody else?
00:50 - (905) 364-5588: I believe it's for the estimating team and the PM.
00:53 - (905) 364-5588: So what I can...
00:55 - (905) 364-5588: They're not available currently.
00:58 - (905) 364-5588: They're not in the office.
00:59 - SEA OF BLUE: And at an office?
00:59 - (905) 364-5588: So...
01:00 - (905) 364-5588: But I can...
01:01 - (905) 364-5588: Yeah.
01:01 - (905) 364-5588: Yeah.
01:02 - (905) 364-5588: Or if you can send the email or...
01:05 - (905) 364-5588: To the info or give me your account.
01:07 - SEA OF BLUE: Do you have a do you have a direct line of contact for those guys?
01:14 - (905) 364-5588: I believe when you call, it should have a directory to contact.
01:19 - (905) 364-5588: But if you prefer, I can have your number and give it to them.
01:25 - SEA OF BLUE: Yeah.
01:26 - SEA OF BLUE: Sure.
01:26 - SEA OF BLUE: If you wanna take my number down, it's 437-4941 091.
01:30 - (905) 364-5588: Mhmm.
01:32 - (905) 364-5588: 1091.
01:34 - (905) 364-5588: Mhmm.
01:34 - (905) 364-5588: And it's supposed to clean...
01:36 - (905) 364-5588: Construction cleaning.
01:38 - (905) 364-5588: Right?
01:38 - SEA OF BLUE: Yes, ma'am.
01:40 - (905) 364-5588: Okay.
01:40 - (905) 364-5588: Okay.
01:40 - (905) 364-5588: Sounds good.
01:41 - (905) 364-5588: I will share your contact and that they will reach out to you if they needed something.
01:44 - SEA OF BLUE: Alright.
01:44 - SEA OF BLUE: Thank you.
01:45 - (905) 364-5588: Okay?
01:45 - (905) 364-5588: Thank you.
01:45 - SEA OF BLUE: Thank you.
01:46 - (905) 364-5588: Bye bye.",construction,"interior renovations, project management, facility services, drafting services, owners representation, construction management, preconstruction services, commercial real estate, construction closeout, retail, site assessment, project planning, commercial construction, tailored services, general contracting, community engagement, retail projects, boutique construction firm, healthcare facilities, construction, procurement, collaborative approach, real estate, multi-sector expertise, complex project delivery, consulting, us and canada, client-focused construction, team of professionals, design-build, client extension, b2b, quality control, multi-site programs, supply chain management, boutique firm, project development, budget development, schedule management, project management excellence, construction solutions, client-centric approach, charitable activities in construction, risk management, project lifecycle, risk assessment, value engineering, construction consulting, custom project solutions, permitting, healthcare, white glove turnover, community involvement, long-term client relationships, agile construction management, industrial projects, commercial and institutional building construction, multi-sector projects, services, project strategy, consumer products & retail, construction & real estate, productivity, design build, logistics & supply chain, health care, health, wellness & fitness, hospital & health care",http://www.linkedin.com/in/shagufjs,https://cornerstone-builds.com,http://www.linkedin.com/company/cornerstone-building-and-property-services-inc-,,,"Brampton, Ontario, Canada",Brampton,Ontario,Canada,"Kennedy Rd, Toronto, Ontario, Canada, M1P",,,,+1 905-364-5588
Cheryl,Diona,Senior Project Coordinator,Structure Corp,Structure,cdiona@structurecorp.com,Senior,Engineering & Technical,Project Management,,+1 416-588-3810 ext 238,,,+1 416-588-2004,+1 416-220-9270,,,,,,construction,"construction management, general contracting, commercial interiors, project management, retail, client satisfaction, commercial and institutional building construction, design-build, premium project execution, construction supervision, residential projects, residential, b2b, construction, luxury hospitality projects, services, flagship retail store build, residential construction, dining, multi-sector expertise, sector-specific construction, luxury hotel construction, commercial construction, interior architecture, architectural design, hospitality projects, high-end residential construction, retail flagship stores, tailored construction solutions, construction services, building renovation, toronto construction, construction consulting, hospitality, project delivery, heritage building renovation, construction & real estate, construction project management, project supervision, bespoke construction management, multi-sector construction expertise, design-build services, restaurant construction, custom project delivery, high-profile projects, retail projects, luxury retail, custom construction solutions, custom interior fit-outs, corporate construction, client-focused approach, luxury project execution, consumer products & retail, productivity, design build, architecture & planning, leisure, travel & tourism",http://www.linkedin.com/in/cheryl-diona-8b777b22b,https://structurecorp.com,http://www.linkedin.com/company/structure-corp,,,"Toronto, Ontario, Canada",Toronto,Ontario,Canada,"35 Golden Ave, Toronto, Ontario, Canada, M6R 2J5",,,,+1 416-588-2004
Raheem,Dad,Construction Project Manager,Olive Tree Builds,Olive Tree Builds,raheem@olivetreebuilds.ca,Manager,"Engineering & Technical, Operations","Project Management, Construction",,,,,+1 647-497-6818,+1 437-808-0115,,,,,,construction,"commercial construction, franchise fitouts, retail renovations, restaurant construction, office buildouts, tenant improvements, designbuild services, construction management, turnkey project delivery, scheduledriven construction, ontario building code expertise, aoda accessibility compliance, fire life safety coordination, budgeting procurement, value engineering, risk management compliance, procore integration, franchise multiunit expansion, retail hospitality projects, sustainable construction practices",http://www.linkedin.com/in/raheem-dad,https://olivetreebuilds.ca,http://www.linkedin.com/company/olive-tree-builds,,,"Toronto, Ontario, Canada",Toronto,Ontario,Canada,"50 Minthorn Blvd, Markham, Ontario, Canada, L3T 7X8",,,,+1 647-497-6818
Ryan,Hiscott,Site Superintendent,Structure Corp,Structure,rhiscott@structurecorp.com,Manager,Operations,Construction,,,,,+1 416-588-2004,+1 416-571-6750,,,,,,construction,"construction management, general contracting, commercial interiors, project management, retail, client satisfaction, commercial and institutional building construction, design-build, premium project execution, construction supervision, residential projects, residential, b2b, construction, luxury hospitality projects, services, flagship retail store build, residential construction, dining, multi-sector expertise, sector-specific construction, luxury hotel construction, commercial construction, interior architecture, architectural design, hospitality projects, high-end residential construction, retail flagship stores, tailored construction solutions, construction services, building renovation, toronto construction, construction consulting, hospitality, project delivery, heritage building renovation, construction & real estate, construction project management, project supervision, bespoke construction management, multi-sector construction expertise, design-build services, restaurant construction, custom project delivery, high-profile projects, retail projects, luxury retail, custom construction solutions, custom interior fit-outs, corporate construction, client-focused approach, luxury project execution, consumer products & retail, productivity, design build, architecture & planning, leisure, travel & tourism",http://www.linkedin.com/in/ryan-hiscott-13068544,https://structurecorp.com,http://www.linkedin.com/company/structure-corp,,,"Mississauga, Ontario, Canada",Mississauga,Ontario,Canada,"35 Golden Ave, Toronto, Ontario, Canada, M6R 2J5",,,,+1 416-588-2004
David,Muscat,Site Superintendent,Structure Corp,Structure,dmuscat@structurecorp.com,Manager,Operations,Construction,,,,+1 416-991-4580,+1 416-588-2004,,,,,,,construction,"construction management, general contracting, commercial interiors, project management, retail, client satisfaction, commercial and institutional building construction, design-build, premium project execution, construction supervision, residential projects, residential, b2b, construction, luxury hospitality projects, services, flagship retail store build, residential construction, dining, multi-sector expertise, sector-specific construction, luxury hotel construction, commercial construction, interior architecture, architectural design, hospitality projects, high-end residential construction, retail flagship stores, tailored construction solutions, construction services, building renovation, toronto construction, construction consulting, hospitality, project delivery, heritage building renovation, construction & real estate, construction project management, project supervision, bespoke construction management, multi-sector construction expertise, design-build services, restaurant construction, custom project delivery, high-profile projects, retail projects, luxury retail, custom construction solutions, custom interior fit-outs, corporate construction, client-focused approach, luxury project execution, consumer products & retail, productivity, design build, architecture & planning, leisure, travel & tourism",http://www.linkedin.com/in/david-muscat-965105148,https://structurecorp.com,http://www.linkedin.com/company/structure-corp,,,"Mississauga, Ontario, Canada",Mississauga,Ontario,Canada,"35 Golden Ave, Toronto, Ontario, Canada, M6R 2J5",,,,+1 416-588-2004
Neda,Rezaei,Construction Project Coordinator,Structure Corp,Structure,nrezaei@structurecorp.com,Entry,Operations,Construction,,,,,+1 416-588-2004,+1 438-520-8400,,,,,,construction,"construction management, general contracting, commercial interiors, project management, retail, client satisfaction, commercial and institutional building construction, design-build, premium project execution, construction supervision, residential projects, residential, b2b, construction, luxury hospitality projects, services, flagship retail store build, residential construction, dining, multi-sector expertise, sector-specific construction, luxury hotel construction, commercial construction, interior architecture, architectural design, hospitality projects, high-end residential construction, retail flagship stores, tailored construction solutions, construction services, building renovation, toronto construction, construction consulting, hospitality, project delivery, heritage building renovation, construction & real estate, construction project management, project supervision, bespoke construction management, multi-sector construction expertise, design-build services, restaurant construction, custom project delivery, high-profile projects, retail projects, luxury retail, custom construction solutions, custom interior fit-outs, corporate construction, client-focused approach, luxury project execution, consumer products & retail, productivity, design build, architecture & planning, leisure, travel & tourism",http://www.linkedin.com/in/neda-r,https://structurecorp.com,http://www.linkedin.com/company/structure-corp,,,"Toronto, Ontario, Canada",Toronto,Ontario,Canada,"35 Golden Ave, Toronto, Ontario, Canada, M6R 2J5",,,,+1 416-588-2004
Dave,Bandiera,Site Project Manager/Site Superintendent,Prism Construction Ltd.,Prism Construction,dbandiera@prismconstruction.ca,Manager,Engineering & Technical,Project Management,,,,+1 647-215-4364,+1 604-526-3731,,,,,,,construction,"general contracting, design build, construction management, project closeout, project management, high-quality buildings, safety standards, commercial buildings, commercial construction, building process, project planning, construction safety, hotel conference facilities, construction, architectural design, real estate, industrial building construction, pre-construction services, construction expertise, client collaboration, industrial facilities, state-of-the-art construction, design-build, b2b, client satisfaction, food facilities, building design, timely delivery, self-storage solutions, multi-use parks, industrial construction, turnkey construction, project lifecycle, value engineering, cost management, trusted subcontractors, auto showrooms, community roots, construction safety certification, custom facilities, services, construction_real_estate, productivity",http://www.linkedin.com/in/dave-bandiera-b2b4506a,https://prismconstruction.ca,http://www.linkedin.com/company/prism-construction-ltd-,,,"Brampton, Ontario, Canada",Brampton,Ontario,Canada,"1525 Cliveden Ave, Delta, British Columbia, Canada, V3M 6L2",,,,+1 604-526-3731
Augusto,Souto,Site Superintendent,Chart Construction Management Inc,Chart Construction Management,augusto@chartcm.ca,Manager,Operations,Construction,,+1 905-761-8757 ext 212,,,+1 905-761-8757,,,,,,,construction,"construction management, estimating, project management, construction, institutional construction management, commercial construction management, chart construction management, specialized healthcare construction, construction services, hospital roof construction, healthcare construction, workforce safety, government, procurement, vendor relationships, safety management, industrial construction, construction industry expertise, consulting, services, client partnerships, healthcare project management, educational facilities, green building practices, hospital expansion, sustainable building, government projects, pre-construction assessment, real-time information, project delivery, education, interior renovation, large-scale renovations, airborne isolation rooms, commercial construction, residential projects, value engineering, b2b, budgeting, industrial building construction, scheduling, technology leverage, healthcare, progress reporting, healthcare facilities, public sector projects, building design, residential construction, timely delivery, emergency care expansion, construction & real estate, productivity, health care, health, wellness & fitness, hospital & health care",http://www.linkedin.com/in/augusto-souto,https://chartcm.ca,http://www.linkedin.com/company/chartconstructionmanagement,,,"Toronto, Ontario, Canada",Toronto,Ontario,Canada,"7681 HWY-27, Vaughan, Ontario, Canada, L4L 4M5",,,,+1 905-761-8757
Sherif,Assiouty,Project Manager,HMA Construction Inc.,HMA Construction,sherif.assiouty@hmaconstruct.com,Manager,Engineering & Technical,Project Management,,,,,+1 226-289-6660,,ramy 2262015500,ramyi@hmaconstruc.com,,,,construction,"general contracting, interior fitup, project management, construction, clinic construction, restaurant construction, franchise construction, industrial and commercial projects, design and build services, quality assurance, project risk management, regional construction services, commercial renovation, sustainable construction, eco-friendly building practices, warehouse construction, commercial interior fit-out, building code compliance, industrial, renovation services, construction cost control, medical facility construction, full-service construction, construction process optimization, industrial renovation, procurement, real estate, b2b, retail, healthcare, sustainable building, industrial facilities, commercial construction, manufacturing, construction management, industrial construction, interior design, cost management, design-build, construction consulting, client collaboration, regulatory compliance, construction project management, services, complex project handling, multi-unit residential, construction safety, custom design, retail space construction, project coordination, post-construction support, permits and planning, consulting, residential construction, client-focused approach, turnkey construction, commercial and institutional building construction, distribution, productivity, health care, health, wellness & fitness, hospital & health care, mechanical or industrial engineering, design build",http://www.linkedin.com/in/sherifassiouty,https://hmaconstruct.com,http://www.linkedin.com/company/hma-construction-inc,,,"Mississauga, Ontario, Canada",Mississauga,Ontario,Canada,"362 Oxford St E, London, Ontario, Canada, N6A 1V7",,,,+1 226-289-6660
Mohammad,Boustany,Site Superintendent,Fox Contracting Ltd,Fox Contracting,mboustany@foxconltd.com,Manager,Operations,Construction,,,,,+1 613-714-6955,+1 647-860-9477,,,,,,construction,"construction, project management, renovation, contracting, real estate development, redevelopment, build-out services, space renovation, office renovation, space planning, structural steel, building design, retail space, interior renovation, content creation facilities, construction safety, retail & hospitality, cost control, long-term space value, finance, office interior design, commercial interior renovation, industrial space, timely delivery, general contracting, commercial and institutional building construction, hospitality space, timely project delivery, diverse industries, commercial construction, safety standards, industry expertise, services, facility management, client relationships, workspace safety upgrades, team coordination, client collaboration, project oversight, design collaboration, office safety assessment, quality craftsmanship, interior fit-out, consulting, construction management, safety record, long-term value, multi-industry service, collaborative approach, industry experience, commercial build-out, budget management, cost estimation, hospitality interior, healthcare, retail build-out, office fit-out, safety and quality, retail environment design, hospitality environment, client satisfaction, building assessment, industrial renovation, construction & real estate, project scheduling, high-quality spaces, space optimization, b2b, structural steel installation, client communication, workspace assessment, government, content facilities, structural steelwork, content production space, construction oversight, building renovation, project planning, project execution, interior design, content library construction, retail, construction services, construction logistics, brand reflection in spaces, rebranding, office space transformation, design-build, consumer products & retail, productivity, financial services, health care, health, wellness & fitness, hospital & health care, design build",http://www.linkedin.com/in/mohammad-boustany,https://foxconltd.com,http://www.linkedin.com/company/fox-contracting-ltd,,,"Toronto, Ontario, Canada",Toronto,Ontario,Canada,"1 Eva Rd, Toronto, Ontario, Canada, M9C 4Z5",,,,+1 613-714-6955
Avadh,Singh,Site Superintendent,Chart Construction Management Inc,Chart Construction Management,avadh@chartcm.ca,Manager,Operations,Construction,,,,+1 518-968-7788,+1 905-761-8757,,,,,,"Call with Rami HMA construct · SEA OF BLUE Inc answered · 05:12
Oct 1, 2026 3:05PM

00:01 - SEA OF BLUE: Hello.
00:01 - SEA OF BLUE: How are you today?
00:03 - Rami: I'm good.
00:04 - Rami: Thanks.
00:06 - SEA OF BLUE: Am I speaking to Rami?
00:09 - Rami: Yes.
00:09 - Rami: Speaking.
00:10 - Rami: Sorry.
00:10 - SEA OF BLUE: How are you, brother?
00:10 - Rami: Who's that?
00:11 - SEA OF BLUE: You doing good today?
00:12 - Rami: Yeah.
00:13 - Rami: Yeah.
00:13 - Rami: I'm good.
00:13 - Rami: Thanks.
00:14 - SEA OF BLUE: I got your name...
00:15 - SEA OF BLUE: I got your number, sorry, from one of the other guys over at HMA.
00:19 - SEA OF BLUE: Right?
00:20 - SEA OF BLUE: You work for HMA Construction.
00:23 - Rami: Correct.
00:23 - SEA OF BLUE: They gave me your number in regards to...
00:26 - SEA OF BLUE: You're the project manager that handles a lot of the Ontario jobs.
00:31 - SEA OF BLUE: The reason I'm calling you today and the reason I called the other guy too, actually, I understand that you have a couple of sites in Burlington that are when...
00:40 - SEA OF BLUE: Within a couple months of being finished, if that's correct.
00:44 - Rami: Yeah.
00:45 - Rami: I do have, yeah, I do have three locations.
00:48 - Rami: That's correct.
00:48 - Rami: It will be done in December.
00:48 - SEA OF BLUE: Three locations.
00:50 - SEA OF BLUE: Okay.
00:50 - SEA OF BLUE: So what I was talking to the other guy about and what he basically formed me your number for was in regards to the fact of post construction and post renovation cleanup projects.
01:01 - SEA OF BLUE: He said that you were in charge of those decisions.
01:03 - SEA OF BLUE: I was looking to see for those three projects, do you guys have anybody that's mobilized on that yet, or what are you guys working with on that?
01:10 - Rami: Not yet.
01:11 - Rami: No.
01:11 - Rami: No.
01:12 - Rami: Not yet.
01:12 - Rami: I do have...
01:15 - Rami: So it's one one owner that's owned three projects in Burlington, and his partner is owing another $20.21 in between Kitchener, Waterloo area.
01:27 - Rami: So I'm just need all of this to be taken care of.
01:30 - Rami: So I'm not sure if you, sir, do some service outside Burlington or or it's only in Burlington.
01:34 - SEA OF BLUE: Well, sir, it's your lucky day.
01:36 - SEA OF BLUE: I serviced the entire GTA.
01:38 - SEA OF BLUE: So I got you covered from left to right, anywhere you guys need.
01:39 - Rami: Okay.
01:41 - SEA OF BLUE: So, basically, just a quick rundown.
01:43 - SEA OF BLUE: We work with Canadian Tire, PartsSource, Anytime Fitness, Apex, JLL Construction.
01:49 - SEA OF BLUE: We work with a lot of reputable brands.
01:51 - SEA OF BLUE: So whatever your projects that you guys are working on, I would love to take a look at anything that you guys have to offer.
01:57 - SEA OF BLUE: What we can do is we can do site walk throughs, walk throughs with you as well, blueprint handovers if you guys have those as well.
02:04 - SEA OF BLUE: We can go through the entire thing, give you guys quotes for all.
02:07 - SEA OF BLUE: How many did you say you're saying you're looking at 20 plus almost?
02:11 - Rami: 22 Plus 3 in Kingston...
02:14 - Rami: In Burlington.
02:16 - SEA OF BLUE: Beautiful.
02:16 - SEA OF BLUE: Okay.
02:16 - SEA OF BLUE: That's beautiful.
02:17 - SEA OF BLUE: Alright.
02:18 - SEA OF BLUE: So depending on which ones are, I'm assuming, are almost done, or are they within sixty days, or are they looking at longer?
02:28 - Rami: No.
02:28 - Rami: Everything will be done before the end of this year.
02:31 - Rami: So I'm delivering, closing all the projects, releasing the team by December 22.
02:37 - SEA OF BLUE: Okay.
02:37 - Rami: So if you don't mind, just shoot me an email, please.
02:43 - Rami: You can take my email.
02:45 - Rami: I will text you my email, and then we can go from there.
02:48 - SEA OF BLUE: Alright, sir.
02:48 - Rami: I can send you all the information via my email.
02:49 - SEA OF BLUE: What what...
02:51 - Rami: Okay?
02:51 - SEA OF BLUE: Yes, sir.
02:52 - SEA OF BLUE: That would be beautiful if you could send us much information from your end as well.
02:55 - SEA OF BLUE: What's the email...
02:55 - SEA OF BLUE: What's the best email to reach you at?
02:58 - Rami: It's ramy, r a m y I @hmaconstruct.com.
03:00 - SEA OF BLUE: Yep.
03:03 - SEA OF BLUE: Yep.
03:06 - SEA OF BLUE: Yep.
03:10 - SEA OF BLUE: At h m a construct dot com.
03:15 - SEA OF BLUE: Have you ever worked with any other cons...
03:18 - SEA OF BLUE: Post construction cleanup companies before, or have you not gotten a call about these ever?
03:23 - Rami: Yes.
03:23 - Rami: Yes.
03:24 - Rami: I've been dealing with a guy for almost five years now.
03:27 - Rami: He's taking care of all the hygienity sanitizing and the post construction cleanup.
03:35 - Rami: His name is Asanka.
03:38 - SEA OF BLUE: Okay.
03:38 - SEA OF BLUE: No.
03:38 - SEA OF BLUE: Have you ever had any issues with them over the times?
03:41 - SEA OF BLUE: Because with a lot of project managers that we work with and a lot of the other brands that I've ever worked with, they...
03:46 - SEA OF BLUE: We we we run into the same issue that they always say, oh, the cleans weren't done to our standards, everything like that.
03:52 - SEA OF BLUE: The the crew sizes were small.
03:54 - SEA OF BLUE: They showed up late.
03:55 - SEA OF BLUE: They went past their project time date.
03:57 - SEA OF BLUE: So stuff like that.
03:58 - SEA OF BLUE: Have you ever had that issue?
04:01 - Rami: No.
04:02 - Rami: He's...
04:02 - Rami: No.
04:03 - Rami: No.
04:04 - Rami: No.
04:04 - SEA OF BLUE: Didn't sound completely sure there.
04:04 - Rami: He's...
04:06 - SEA OF BLUE: You see, you're a little bit hesitant on that side.
04:06 - Rami: He's good.
04:10 - Rami: Yeah.
04:10 - Rami: I mean I mean, yeah.
04:12 - Rami: Like, from some time to, like, I'm not sure about it.
04:15 - Rami: It didn't show up, but maybe he...
04:19 - Rami: Sometime he needed a follow-up clean the next day because it's around six to 7,000 square feet.
04:26 - Rami: So he didn't finish in one day, which I I can I can imagine that's fine with me?
04:26 - SEA OF BLUE: Yeah.
04:30 - Rami: And sometimes it's just very dirty.
04:30 - SEA OF BLUE: Yeah.
04:31 - SEA OF BLUE: No worries.
04:32 - Rami: Like, sometimes they have a flooded basement, so the place was full of dirty water with shits.
04:39 - Rami: So they they couldn't finish it one day.
04:41 - Rami: I I can understand this as well.
04:43 - SEA OF BLUE: Yeah.
04:43 - Rami: But, generally, yeah.
04:43 - SEA OF BLUE: No worries.
04:44 - SEA OF BLUE: I completely understand.
04:47 - Rami: So please just send me your email.
04:47 - SEA OF BLUE: So...
04:49 - Rami: I will send you all the information.
04:51 - Rami: I will contact you with the site supers to coordinate with them, and we can go from there.
04:57 - SEA OF BLUE: Alright.
04:57 - Rami: Okay?
04:57 - SEA OF BLUE: Beautiful, sir.
04:58 - SEA OF BLUE: I'd love to do business with you guys and your company, so I hope to hear from you soon.
05:01 - SEA OF BLUE: Okay?
05:03 - Rami: Sure, buddy.
05:03 - Rami: Thank you so much for calling.
05:04 - SEA OF BLUE: Alright.
05:05 - SEA OF BLUE: Thank you so much, buddy.
05:06 - SEA OF BLUE: Take care.
05:07 - Rami: You too.
05:09 - Rami: Bye.",construction,"construction management, estimating, project management, construction, institutional construction management, commercial construction management, chart construction management, specialized healthcare construction, construction services, hospital roof construction, healthcare construction, workforce safety, government, procurement, vendor relationships, safety management, industrial construction, construction industry expertise, consulting, services, client partnerships, healthcare project management, educational facilities, green building practices, hospital expansion, sustainable building, government projects, pre-construction assessment, real-time information, project delivery, education, interior renovation, large-scale renovations, airborne isolation rooms, commercial construction, residential projects, value engineering, b2b, budgeting, industrial building construction, scheduling, technology leverage, healthcare, progress reporting, healthcare facilities, public sector projects, building design, residential construction, timely delivery, emergency care expansion, construction & real estate, productivity, health care, health, wellness & fitness, hospital & health care",http://www.linkedin.com/in/architectavadh,https://chartcm.ca,http://www.linkedin.com/company/chartconstructionmanagement,,,"Toronto, Ontario, Canada",Toronto,Ontario,Canada,"7681 HWY-27, Vaughan, Ontario, Canada, L4L 4M5",,,,+1 905-761-8757
Gary,Melo,Site Superintendent,TriAxis Construction,TriAxis Construction,gmelo@triaxis.ca,Manager,Operations,Construction,,,,+1 416-402-0749,+1 416-613-1333,,,,,,,construction,"construction management, general contractors, development management, project management, construction, building projects, consulting, project planning, construction management techniques, construction project delivery methods, construction industry leadership, development advisory, construction efficiency, construction services, design-build, complex building projects, industrial construction, landowner services, institutional projects, construction project portfolio, diverse client base, real estate development, north american construction, healthcare construction, hospitality projects, general contracting, complex projects, advisory services, b2b, commercial and institutional building construction, north america, construction consulting, construction innovation, commercial construction, hospitality construction, construction solutions, reputation for quality, construction partnerships, development consulting, construction safety, institutional construction, construction industry, services, construction expertise, construction industry experience, client relationships, construction quality assurance, project delivery, construction value over $1 billion, healthcare, construction & real estate, productivity, design build, health care, health, wellness & fitness, hospital & health care",http://www.linkedin.com/in/gary-melo-87707363,https://triaxis.ca,http://www.linkedin.com/company/triaxisconstruction,,,"Toronto, Ontario, Canada",Toronto,Ontario,Canada,"Toronto, Ontario, Canada",,,,+1 416-613-1333
Francesco,Trimboli,Site Superintendent,Ingenuity Development Inc.,Ingenuity Development,francesco.trimboli@ingenuity.ca,Manager,Operations,Construction,,,,+1 905-299-0666,+1 905-569-2624,,,,,,,construction,"design build, general contracting, professional services, industrial, commercial, institutional, highrise midrise, interior exterior, contruction management, safety certified, project management, commercial construction, trade relationships, residential construction, construction, consulting, industrial building construction, community focus, client collaboration, design-build, b2b, sustainable building, construction quality, construction process, leed certification, property maintenance, construction services, real estate development, property development, services, construction & real estate, professional training & coaching, productivity",http://www.linkedin.com/in/ftrimboli,https://ingenuity.ca,http://www.linkedin.com/company/thisisingenuity,,,"Milton, Ontario, Canada",Milton,Ontario,Canada,"Oakville, California, United States, 94558",,,,+1 905-569-2624
Andrew,Buccella,Site Superintendent,Antham Construction Group Inc.,Antham Construction Group,andrew@anthamgroup.com,Manager,Operations,Construction,,,,,+1 905-275-0500,+1 416-892-7689,,,,,,construction,"dental office renovations, dental office contruction, medical office renovations, medical office construction, pharmacy renovations, pharmacy construction, healthcare interior construction, commercial interior construction, long-term client relationships, interior fit-outs, office acoustics improvement, office renovation, office design tips, client-focused service, construction industry standards, construction management, turnkey projects, healthcare/dental specialty, construction expertise, healthcare construction, reliable construction partner, construction planning, vendor relationships, healthcare facility construction, family-owned construction, timely project delivery, services, ontario construction, construction, commercial real estate, client collaboration, interior design integration, industrial building construction, building renovation, quality craftsmanship, quality assurance, b2b, healthcare, custom construction solutions, consulting, project management, general contracting, permits and permits management, safety standards, small building conversions, cost control, skilled tradespeople, commercial construction, licensed trades, construction consulting, project scheduling, healthcare facility upgrades, design-build, dental office renovation, health care, health, wellness & fitness, hospital & health care, productivity, design build",http://www.linkedin.com/in/andrew-buccella-43103ab9,https://anthamgroup.com,http://www.linkedin.com/company/antham-construction-group-inc-,https://www.facebook.com/anthamgroup/,,"Greater Toronto Area, Canada",Mississauga,Ontario,Canada,"1215 Queensway East, Mississauga, Ontario, Canada, L4Y 0G4",,,,+1 905-275-0500
